id,domain,status,purchase_price,renewal_price,attractiveness,demand,length,registrar,created_at,expires_at,status_verified_at
3a803f02-4c3f-4d91-90a9-72512b5100c7,auspicate.wedding,available,33.98,43.98,medium,low,9,namecheap,,,21/09/2026 03:29
79478426-7e0c-41c0-b577-4afcfaa998df,nantes.wedding,available,32.49,32.49,medium,low,6,namesilo,,,28/09/2026 10:30
b60b9b84-e7a9-4f41-8fa3-a4edf7e58cec,strasbourg.wedding,available,32.49,32.49,medium,low,10,namesilo,,,27/09/2026 15:59
9a18a57c-d98a-45fb-ba86-836f4a61cd90,sinusoidal.wedding,available,32.49,32.49,high,low,10,namesilo,,,10/09/2026 08:42
e5d6a3b4-6ca6-4688-a87f-6c686b54ed35,cartesian.wedding,available,32.49,32.49,high,low,9,namesilo,,,11/08/2026 19:49
bc3274cc-3aba-4bf7-993c-511985047083,genital.wedding,available,32.49,32.49,high,low,7,namesilo,,,18/08/2026 21:40
4b7ab62b-e68d-480e-b189-c7a9964bd131,widgeon.wedding,available,32.49,32.49,medium,low,7,namesilo,,,19/09/2026 02:58
7ab5201e-c659-4c39-9389-61ce8a6ca011,slug.wedding,available,33.98,43.98,high,low,4,namecheap,,,23/09/2026 13:52
41a7c571-5af1-45ed-a7a3-dc54056784f9,buddy.wedding,available,32.49,32.49,high,medium,5,namesilo,,,29/09/2026 05:01
e469e725-559e-4662-b3d3-b3d41d8df38d,krug.wedding,available,32.49,32.49,high,medium,4,namesilo,,,02/10/2026 13:10
3821377a-4dcb-478c-86be-1255813e8824,commanding.wedding,available,32.49,32.49,high,low,10,namesilo,,,23/09/2026 15:41
bf6a4c59-ea8c-4f72-9049-0ce2cebd5705,lover.wedding,premium,512,29.5,high,low,5,namesilo,,,23/09/2026 10:15
1d3f45de-2f93-451c-9383-3fca8c347e45,triggers.wedding,available,32.49,32.49,medium,low,8,namesilo,,,30/09/2026 07:44
31fcb444-d312-487b-a052-e01a395db9c9,anxiety.wedding,available,32.49,32.49,high,low,7,namesilo,,,19/09/2026 15:59
23b71c74-63dd-4e57-9e1f-c6ddd24f40dd,programme.wedding,available,32.49,32.49,high,low,9,namesilo,,,24/09/2026 16:59
91c73b96-4fc0-45e4-8cd7-95da516781f1,ararat.wedding,available,33.98,43.98,medium,low,6,namecheap,,,20/09/2026 00:11
73bc4400-154b-44b5-b149-891761a4ef1b,angles.wedding,available,32.49,32.49,medium,low,6,namesilo,,,28/09/2026 16:57
65918b4b-5de1-4329-9ab8-0818ef853151,bartholdi.wedding,available,32.49,32.49,medium,low,9,namesilo,,,22/09/2026 09:11
fb1b1f6a-8bf5-4607-a4b9-2dc87d8ee1d8,unexplored.wedding,available,32.49,32.49,medium,low,10,namesilo,,,12/09/2026 09:42
8d5f3779-ee00-4c6f-9f68-a72ffbd2d947,chanting.wedding,available,26.97,26.97,high,low,8,dynadot,,,28/09/2026 18:40
4e0fe135-8743-4163-9c45-7e9015f58d49,recommend.wedding,available,26.08,26.08,high,low,9,spaceship,,,28/09/2026 19:07
b0f61fe9-2738-480d-9e7c-90a0b9704046,rtc.wedding,premium,44,26.97,high,low,3,dynadot,,,30/09/2026 12:40
59a8cab0-ba17-4afb-8094-79deda4863bd,beaked.wedding,available,32.49,32.49,medium,low,6,namesilo,,,09/08/2026 03:50
a53df738-0578-411a-95c6-081f4589c73d,sack.wedding,available,32.49,32.49,high,low,4,namesilo,,,03/09/2026 15:56
2ce1523f-05b4-473f-bdef-045d10c7ed9c,aussie.wedding,available,32.49,32.49,high,low,6,namesilo,,,22/09/2026 13:32
0ebf527b-0129-4b31-bf3a-bb54b61a89ed,cra.wedding,premium,44.19,27.82,high,low,3,porkbun,,,30/09/2026 12:45
e22a0dee-604f-426f-a88a-c7fc4d5e75e1,file.wedding,available,33.98,43.98,high,medium,4,namecheap,,,24/09/2026 21:00
9379ed53-8b01-4797-85d2-c01d91e12b3f,restaurant.wedding,premium,96,29.5,high,low,10,namesilo,,,29/09/2026 08:14
39b879b3-5fa8-49d1-b6a1-63871ab5bec8,mashhad.wedding,available,33.98,43.98,medium,low,7,namecheap,,,24/08/2026 20:59
9a1e0e4f-c82f-4d35-a723-c8dde0a4c179,sexuality.wedding,available,26.08,26.08,high,low,9,spaceship,,,28/09/2026 10:54
f9243860-9b41-481b-9956-f8f013bf2d71,aldehyde.wedding,available,32.49,32.49,high,low,8,namesilo,,,18/09/2026 04:24
52f3f3fa-6cb4-4fa3-8057-6239b7e9050f,wheeled.wedding,available,32.49,32.49,high,low,7,namesilo,,,13/09/2026 11:20
18c25730-f548-4b48-a295-08a90885720a,unpleasant.wedding,available,32.49,32.49,medium,low,10,namesilo,,,12/09/2026 16:58
2230085c-3a6d-4f18-874d-4b1cf34ae339,thresher.wedding,available,32.49,32.49,medium,low,8,namesilo,,,18/09/2026 13:23
bef0fb17-3af6-4b27-89f2-f68c50105554,reschedule.wedding,available,25.2,25.2,high,low,10,cloudflare,,,03/10/2026 02:35
4892373f-19b2-4a75-b715-1ee0e3afe79e,branded.wedding,available,26.08,26.08,high,low,7,spaceship,,,02/10/2026 19:02
6f4cec35-2a9f-4a20-b1a7-d69540dcee65,uaw.wedding,premium,47.2,29.5,medium,low,3,namesilo,,,29/09/2026 21:51
35ac4e9e-71e6-4ed6-873e-018850c2c95b,virgins.wedding,available,32.49,32.49,medium,low,7,namesilo,,,01/10/2026 10:00
ac97c1a7-9be7-40c0-9cee-7279e55140b6,ferny.wedding,available,32.49,32.49,medium,low,5,namesilo,,,18/08/2026 02:00
8594ef46-8669-4be7-ad67-9e144c855509,written.wedding,available,26.08,26.08,high,low,7,spaceship,,,27/09/2026 18:44
daf70d93-fdd1-4168-b7c8-24bd59fda875,twisted.wedding,available,32.49,32.49,high,low,7,namesilo,,,25/08/2026 01:43
b895bad5-a1fd-45ee-87e1-2753568fb6d4,changeless.wedding,available,32.49,32.49,high,low,10,namesilo,,,12/08/2026 01:58
ffb4d4c6-1831-433b-ab6b-40ceb5f840cf,chopin.wedding,available,26.08,26.08,high,low,6,spaceship,,,02/10/2026 04:21
7c04a22e-ca20-46a1-b96e-23662f2439f4,cheering.wedding,available,32.49,32.49,high,low,8,namesilo,,,12/08/2026 03:45
eef66413-9b58-44c1-aa7e-7fb700d421e1,holes.wedding,available,32.49,32.49,high,low,5,namesilo,,,03/10/2026 03:29
e9058a71-1bde-4139-9a79-6fc65a220f11,normally.wedding,available,32.49,32.49,medium,low,8,namesilo,,,28/09/2026 14:10
bfa51032-0919-48fc-b736-3ea6a3e56fa5,eared.wedding,available,32.49,32.49,medium,low,5,namesilo,,,14/08/2026 14:39
dc5fda1e-e1e9-42ec-81ff-207b0755d245,backstairs.wedding,available,32.49,32.49,medium,low,10,namesilo,,,08/08/2026 06:26
5558d0fb-c41f-476d-a484-92ec0b80eb35,stadia.wedding,available,32.49,32.49,high,low,6,namesilo,,,17/09/2026 09:03
91c5607a-5dff-4fac-b42e-95a9a665e25a,livermore.wedding,available,26.08,26.08,medium,low,9,spaceship,,,28/09/2026 10:16
b1255cbb-d07a-4831-ac53-4b8dd9330b4e,rumours.wedding,available,26.08,26.08,medium,low,7,spaceship,,,30/09/2026 00:33
95dbd87e-2797-4984-b8ee-9c54b68ff743,gallop.wedding,available,32.49,32.49,high,low,6,namesilo,,,01/10/2026 02:15
e6afe7e2-c1cf-4edb-a11e-270bf3c664c6,dba.wedding,premium,,,high,low,3,,,,30/09/2026 01:16
1d9cb468-cb88-4367-8e9b-1a09ca270783,ssr.wedding,premium,47.2,29.5,high,low,3,namesilo,,,25/09/2026 12:03
611e92d6-5a94-4cbe-bc91-265510d12c86,confirm.wedding,available,32.49,32.49,high,low,7,namesilo,,,27/09/2026 05:57
1b7304e1-d717-4ff5-a5ab-34afea10dfab,undertaker.wedding,available,26.26,26.26,high,low,10,porkbun,,,30/09/2026 09:51
d946d92c-d301-4201-a24c-5e0840455896,sectors.wedding,available,26.08,26.08,medium,low,7,spaceship,,,01/10/2026 17:50
3537faa0-c831-49d4-9836-614b34a3695f,amerindian.wedding,available,32.49,32.49,medium,low,10,namesilo,,,03/09/2026 13:51
6c8290e3-327d-436d-b972-52e91ceb52d5,goblin.wedding,available,32.49,32.49,high,low,6,namesilo,,,02/10/2026 05:04
38179738-2964-4ba7-9f7a-953c5b73710d,burner.wedding,available,26.08,26.08,high,low,6,spaceship,,,29/09/2026 11:49
fcd8d8e7-fd30-4ea1-9601-1044bafee466,horseshoe.wedding,available,25.2,25.2,high,low,9,cloudflare,,,29/09/2026 19:10
773be6e8-b60d-4697-941d-0b9bd53972f7,dispatches.wedding,available,26.08,26.08,medium,low,10,spaceship,,,02/10/2026 04:00
1df0cb5d-6ed0-40c0-9afb-1eecebf272be,shapeless.wedding,available,33.98,43.98,medium,low,9,namecheap,,,
d6535c4d-430e-41fb-b0e2-ae5bd6609cbe,uxbridge.wedding,available,26.08,26.08,medium,low,8,spaceship,,,01/10/2026 11:40
e0f568d1-27e0-4a74-8df1-884473bf689a,tone.wedding,premium,41.6,26.08,high,low,4,spaceship,,,29/09/2026 19:30
ad58971f-c746-4a0c-a8a5-c9d936f8851d,chester.wedding,available,49.99,49.99,high,low,7,godaddy,,,28/09/2026 01:40
f8b1a43b-e620-438b-8886-3bb0fa858437,megan.wedding,available,32.49,32.49,medium,low,5,namesilo,,,26/09/2026 03:31
695c0fa1-4bce-4690-b6d3-47bd1cd05698,bestiality.wedding,available,32.49,32.49,medium,low,10,namesilo,,,23/09/2026 10:39
71b7cfad-79cb-410c-935a-c4d379b49338,erose.wedding,available,32.49,32.49,medium,low,5,namesilo,,,17/08/2026 12:30
37e38c7a-e164-4136-90e1-d3bfe7974b49,meigs.wedding,available,26.26,26.26,medium,low,5,porkbun,,,30/09/2026 05:37
3588fd82-14fb-4268-8a2d-51549a33e148,gipsy.wedding,available,32.49,32.49,high,low,5,namesilo,,,10/08/2026 17:23
8ca6ec09-5654-4f1a-b84d-5806173f0a21,anemone.wedding,available,32.49,32.49,high,low,7,namesilo,,,19/09/2026 05:19
09f1023b-751d-4b4a-9c18-3ab7a56b0e2b,mckenzie.wedding,available,32.49,32.49,high,low,8,namesilo,,,25/09/2026 12:28
8de6ead3-fdee-49e9-af29-a863b9908e8a,sailors.wedding,available,25.2,25.2,medium,low,7,cloudflare,,,28/09/2026 13:06
4723dfbc-3bc6-4653-b1c4-c442d0d0e565,transformer.wedding,available,32.49,32.49,high,low,11,namesilo,,,01/10/2026 05:03
3baa056e-009b-4211-a17c-7d04162a46e1,disused.wedding,available,32.49,32.49,medium,low,7,namesilo,,,14/08/2026 13:28
12428637-d88d-480a-8328-51796b08e5f4,incision.wedding,available,25.2,25.2,high,low,8,cloudflare,,,30/09/2026 01:58
c1a1155d-7306-4796-b01c-9783de47bc1c,cooperate.wedding,available,25.2,25.2,high,low,9,cloudflare,,,28/09/2026 17:32
799e37a1-bb72-4958-9435-4f4c7c132050,haig.wedding,available,25.2,25.2,medium,low,4,cloudflare,,,28/09/2026 12:12
1f75baa6-9f7b-4198-83c4-fac4459c6d28,gonzalez.wedding,available,32.49,32.49,high,low,8,namesilo,,,25/09/2026 16:13
a714f8ab-2b87-4ee3-800e-c822a41fe146,proximate.wedding,available,32.49,32.49,high,low,9,namesilo,,,09/09/2026 04:46
03bad66b-9967-4e18-a003-e428901ae84d,sewage.wedding,available,32.49,32.49,medium,low,6,namesilo,,,30/09/2026 02:49
b95ea62f-edcc-424b-9d20-2a07a3705858,checked.wedding,available,32.49,32.49,high,low,7,namesilo,,,12/08/2026 03:36
63517bf8-7456-46e5-9438-82fa8e8a05b9,seepage.wedding,available,32.49,32.49,medium,low,7,namesilo,,,04/09/2026 15:38
6864cf59-631d-4891-8a7f-b2e53004026f,signaling.wedding,available,32.49,32.49,high,medium,9,namesilo,,,10/09/2026 08:00
0e68d6e1-657f-47b6-8e77-bd9cdd350eb7,vascular.wedding,available,32.49,32.49,medium,low,8,namesilo,,,13/09/2026 01:33
df807bf2-7161-45f8-9e1e-6f8319615c26,earthworm.wedding,available,32.49,32.49,high,low,9,namesilo,,,19/09/2026 06:33
4ba25c82-dac2-49cc-840d-f3e224bd333c,hotcake.wedding,available,33.98,43.98,high,low,7,namecheap,,,22/09/2026 14:33
a7d0c510-d6c6-41bc-8126-d481a4a87323,palladium.wedding,available,32.49,32.49,high,low,9,namesilo,,,20/09/2026 23:10
f9bcfc05-18cc-47ff-9739-0ebe729ba932,demoralize.wedding,available,32.49,32.49,medium,low,10,namesilo,,,13/08/2026 02:16
7f841596-76ad-4a3f-82cb-f3e6e7fe82e4,bigram.wedding,available,32.49,32.49,medium,low,6,namesilo,,,23/09/2026 15:24
4f3a181f-d9fb-413b-9b03-87740717d865,analytically.wedding,available,32.49,32.49,medium,low,12,namesilo,,,01/10/2026 04:36
d39c5aa4-a40f-4ebf-9084-66cbc6fddc13,principal.wedding,available,32.49,32.49,high,low,9,namesilo,,,27/09/2026 05:53
d1fd1f2d-6502-4eb7-a82b-15eb408742c7,successors.wedding,available,32.49,32.49,medium,low,10,namesilo,,,20/09/2026 05:21
6ea60e76-2015-4465-824a-041088ac6a53,nip.wedding,premium,512,29.5,high,low,3,namesilo,,,30/09/2026 09:08
8acb05f4-52b0-4bf6-a26a-593ed6a04d84,blogger.wedding,premium,,,high,high,7,,,,29/09/2026 17:59
048ea306-0989-48b6-95c0-e304cb34855b,regrets.wedding,available,33.98,43.98,medium,low,7,namecheap,,,28/09/2026 15:15
1408530c-c859-45ce-85aa-76638ae938ad,assembler.wedding,available,32.49,32.49,high,low,9,namesilo,,,20/09/2026 16:01
22385fee-c878-4445-bbdd-f6932297c6fc,tit.wedding,premium,440,26.97,high,low,3,dynadot,,,29/09/2026 19:36
8799bce7-19fe-46b6-8e08-f127929c8e37,surveys.wedding,available,32.49,32.49,medium,low,7,namesilo,,,17/09/2026 07:59
1f670bd3-6952-4111-baf8-c4561eb397e1,shedding.wedding,available,26.97,26.97,high,low,8,dynadot,,,01/10/2026 01:44
b48689f5-1a79-41fb-a40f-e0786ba21f51,rivalrous.wedding,available,33.98,43.98,medium,low,9,namecheap,,,09/09/2026 18:06
f1994ee6-64e1-486c-a4dd-205fbefa1218,arcadian.wedding,available,32.49,32.49,high,low,8,namesilo,,,06/08/2026 14:10
b40e5f52-e9d8-417d-b9e0-77233d6417aa,hell.wedding,premium,207.2,26.08,high,low,4,spaceship,,,29/09/2026 22:37
5038f0f0-d779-4c1f-8812-3974c3356cfd,crows.wedding,available,33.98,43.98,high,low,5,namecheap,,,20/09/2026 17:41
7cb7bb16-3f05-4767-9ebf-9b4a07bf95ab,bloomington.wedding,premium,96,29.5,medium,low,11,namesilo,,,27/09/2026 08:15
459ea530-1b4b-451a-bad2-f1d561800551,innovate.wedding,available,32.49,32.49,high,low,8,namesilo,,,29/09/2026 02:37
35b6a768-ca18-4d6d-8b33-d4858225bc8e,caring.wedding,available,32.49,32.49,high,low,6,namesilo,,,23/09/2026 13:03
c736af3f-66f0-4bfe-a464-4fede2030346,swash.wedding,available,32.49,32.49,medium,low,5,namesilo,,,11/08/2026 01:05
16fa0216-3978-457f-84e9-21fa03515cc4,lunch.wedding,resell,,,high,low,5,"GoDaddy.com, LLC",26/01/2021 23:50,26/01/2027 23:50,29/09/2026 13:42
8e482b99-85b4-4ff0-8b2a-7986e5319d72,demons.wedding,available,32.49,32.49,low,low,6,namesilo,,,25/09/2026 21:42
918c73bb-5b68-40f0-a917-5720c231f58f,slapping.wedding,available,32.49,32.49,medium,low,8,namesilo,,,01/10/2026 06:01
80fd8618-a611-406f-ac84-627a7e101bf4,analyzer.wedding,available,32.49,32.49,high,low,8,namesilo,,,19/09/2026 01:55
dd8248fc-04d3-4ccd-90d5-43d37199bda6,bata.wedding,available,32.49,32.49,medium,low,4,namesilo,,,22/09/2026 13:09
c8472137-e3e2-4646-b633-9dae79c83948,amnesic.wedding,available,32.49,32.49,medium,low,7,namesilo,,,
a2722bfa-96c2-4858-8998-1883afd4d98d,okhotsk.wedding,available,26.08,26.08,medium,low,7,spaceship,,,03/10/2026 04:30
d568b032-be73-4286-a0d2-c2eff3833f53,malign.wedding,available,32.49,32.49,medium,low,6,namesilo,,,24/08/2026 13:54
78d474fe-a2c7-4d6c-adde-c6786ecf2030,arendt.wedding,available,32.49,32.49,medium,low,6,namesilo,,,20/09/2026 03:43
1c78d8cd-732e-4d54-92e4-cad07df2b853,parental.wedding,available,32.49,32.49,high,low,8,namesilo,,,08/09/2026 01:14
ea51de28-66e0-44ee-8979-690690f4aa2b,stick.wedding,available,25.2,25.2,high,low,5,cloudflare,,,29/09/2026 00:24
da51f216-f99c-4eb8-8087-c8df5dc07e33,end.wedding,premium,520,32.5,high,low,3,namecheap,,,19/09/2026 15:33
7efa83dd-24e5-4210-b3a4-43cf75c31e7f,boniface.wedding,available,33.98,43.98,medium,low,8,namecheap,,,19/09/2026 19:19
03652bb7-5043-4768-9f00-2842ab10bb66,mighty.wedding,available,32.49,32.49,high,low,6,namesilo,,,24/08/2026 22:43
ac4e5709-61bf-4e81-b07a-c77b50f2bad1,northeast.wedding,available,26.08,26.08,medium,low,9,spaceship,,,28/09/2026 16:59
ac802329-9945-4618-8b4f-f990d1d81031,bible.wedding,premium,414.2,26.08,high,medium,5,spaceship,,,29/09/2026 02:20
fdd9bd32-f76e-49e6-9982-9f7dea0ae027,zeus.wedding,available,33.98,43.98,high,medium,4,namecheap,,,28/09/2026 01:59
e596196f-f1e9-4b66-b98a-387a71c156bf,gruntle.wedding,available,32.49,32.49,medium,low,7,namesilo,,,18/08/2026 22:14
fd41584b-41f3-4822-b67e-1f3ee3b362a9,ambulance.wedding,available,32.49,32.49,high,low,9,namesilo,,,18/09/2026 17:28
82f18fe4-4e03-4c30-afd8-ac96cdd71850,concordant.wedding,available,33.98,43.98,high,low,10,namecheap,,,12/08/2026 20:16
4a9c3122-b5e2-4e22-b37c-4190b7546bd5,homosexual.wedding,available,33.98,43.98,high,low,10,namecheap,,,18/08/2026 20:54
6831f797-c4e8-4efe-b560-2cecd3e17b6f,hum.wedding,premium,41.6,26.08,high,low,3,spaceship,,,28/09/2026 19:52
778cd115-566d-46be-a2b1-73a005eabbd7,susurrous.wedding,available,32.49,32.49,medium,low,9,namesilo,,,03/09/2026 11:24
30a6c8df-78e6-4f88-92db-7d1271af327d,donor.wedding,available,33.98,43.98,high,low,5,namecheap,,,23/09/2026 10:42
769d67d7-9769-4d1b-b165-28f6ec7393cd,commute.wedding,available,32.49,32.49,high,low,7,namesilo,,,30/09/2026 09:14
8b8909cc-828f-4e1d-a589-fbe866b5910a,exhaustive.wedding,available,32.49,32.49,medium,low,10,namesilo,,,17/08/2026 17:08
72bc3354-f969-41e4-899c-e4cf4c458096,gland.wedding,available,25.2,25.2,medium,low,5,cloudflare,,,29/09/2026 07:05
c08dda69-170f-4f3f-9dc4-1f3bc480dab3,bankroll.wedding,available,32.49,32.49,high,low,8,namesilo,,,22/09/2026 02:49
b85b6aeb-86b9-4202-8260-5c00865aad20,holly.wedding,premium,88,26.97,high,low,5,dynadot,,,29/09/2026 05:03
5dc3b1e3-6b90-42fe-92bc-443179b48ca7,hepatitis.wedding,available,26.08,26.08,high,low,9,spaceship,,,29/09/2026 19:09
d4172f2f-33ea-422d-97fe-8a6f209add08,somaliland.wedding,available,32.49,32.49,medium,low,10,namesilo,,,29/09/2026 09:30
b2d1ed0c-4ad0-42c4-9ee1-8242a4652ade,pushkin.wedding,available,32.49,32.49,high,low,7,namesilo,,,18/09/2026 05:07
b532b6a0-c891-45fc-a038-92ea60f1759b,haploid.wedding,available,32.49,32.49,medium,low,7,namesilo,,,20/08/2026 23:55
407918cf-dc32-44c6-896d-305cb1f6c9fa,totaled.wedding,available,33.98,43.98,medium,low,7,namecheap,,,28/09/2026 09:24
3c1fbf5f-ccd7-41e0-8697-22b3252671b0,kinsey.wedding,available,33.98,43.98,high,low,6,namecheap,,,18/09/2026 06:26
406180d0-ed29-4bb7-bb16-e4c244a8417a,kda.wedding,premium,47.2,29.5,medium,low,3,namesilo,,,29/09/2026 17:27
1be13c85-3590-40da-8d3b-7aabce0f2f35,factorial.wedding,available,33.98,43.98,high,low,9,namecheap,,,17/08/2026 20:29
bcd6d22e-2dd9-41fe-a7c4-19e25b9dfd78,accurately.wedding,available,32.49,32.49,high,low,10,namesilo,,,28/09/2026 11:42
90ea8a8e-81aa-4005-9ff9-7f90eb0739de,alibi.wedding,available,32.49,32.49,high,low,5,namesilo,,,18/09/2026 07:24
894266d5-a84d-4c33-bb9a-0fe3590886bf,exultant.wedding,available,32.49,32.49,high,low,8,namesilo,,,17/08/2026 19:42
d97630e1-b9ff-46b1-9bb9-38474a8b2afe,symonds.wedding,available,25.2,25.2,high,low,7,cloudflare,,,30/09/2026 10:18
cf3b178a-d554-4de9-b339-1ce53cf8d83f,peafowl.wedding,available,33.98,43.98,high,low,7,namecheap,,,23/09/2026 20:05
5ebed39a-0bed-4212-9b46-734749991636,aloe.wedding,available,32.49,32.49,high,low,4,namesilo,,,18/09/2026 12:59
7dadc1b2-c6dd-4b59-b568-4d486e3ccd81,nandi.wedding,available,26.08,26.08,high,low,5,spaceship,,,02/10/2026 18:59
ec1f50aa-98e7-40b6-ae12-a63f44af497a,aztec.wedding,available,33.98,43.98,high,low,5,namecheap,,,21/09/2026 11:36
9f9c49a2-095a-45b2-9327-ba37bf0dd2eb,pavel.wedding,available,32.49,32.49,medium,low,5,namesilo,,,28/09/2026 12:06
644be4d4-8583-4333-b114-8e3fa93ff865,brownian.wedding,available,26.08,26.08,medium,low,8,spaceship,,,01/10/2026 23:12
9472f64f-babe-4e64-93c5-3a4c82d3e184,proustian.wedding,available,32.49,32.49,medium,low,9,namesilo,,,09/09/2026 04:22
973cca41-0e34-4b2a-b20a-b0b8ac872797,seized.wedding,available,43.98,,medium,low,6,namecheap,,,
aeda7c2c-ce26-4657-985d-6307aa9ffebd,lavishly.wedding,available,32.49,32.49,medium,low,8,namesilo,,,15/09/2026 11:03
8be7b6ab-70c0-418b-b17d-bbb26c314ffa,actaea.wedding,available,32.49,32.49,medium,low,6,namesilo,,,17/09/2026 04:11
0ec02470-47f3-4994-a088-02e955c04be0,bronchial.wedding,available,32.49,32.49,medium,low,9,namesilo,,,11/08/2026 05:35
725b5174-9527-47c1-9179-c6b3a80f038b,motivate.wedding,available,32.49,32.49,high,low,8,namesilo,,,27/09/2026 07:34
367acf44-9a86-4531-b45e-64615b097cd8,nohow.wedding,available,32.49,32.49,low,low,5,namesilo,,,15/09/2026 16:44
8f358652-c07a-4bb6-a0a2-b400629c632c,carnival.wedding,available,32.49,32.49,high,low,8,namesilo,,,24/09/2026 16:10
55ad34c7-a576-47a3-a2af-18c7db460369,voip.wedding,available,32.49,32.49,high,low,4,namesilo,,,01/10/2026 22:33
51d4f08e-5263-47f8-bcd8-2d8cb7e1440e,sustaining.wedding,available,26.08,26.08,high,low,10,spaceship,,,01/10/2026 23:00
aff6e38e-a23e-42e8-a094-ebb7ff5f7ba1,irresponsible.wedding,available,26.08,26.08,medium,low,13,spaceship,,,28/09/2026 21:26
169fa77b-ab68-4277-a151-7efb387c82d3,broken.wedding,available,32.49,32.49,high,low,6,namesilo,,,23/09/2026 09:56
981d1670-5c36-4fe2-ace2-fc002940ef09,landslide.wedding,available,32.49,32.49,high,low,9,namesilo,,,30/09/2026 02:07
dcd0d512-7863-49e6-b6fb-1425acdd3750,pawpaw.wedding,available,32.49,32.49,medium,low,6,namesilo,,,20/09/2026 14:11
17a1b08a-8b7e-49ce-a9f8-0078b7bacecd,mutt.wedding,available,25.2,25.2,high,low,4,cloudflare,,,01/10/2026 01:39
fee9f41e-bf3b-4970-8fdd-a4ecc503b1a2,unpatented.wedding,available,32.49,32.49,medium,low,10,namesilo,,,12/09/2026 16:29
086df576-462b-42c6-8b94-71116f708df3,leggy.wedding,available,32.49,32.49,medium,low,5,namesilo,,,22/08/2026 22:57
7af1ac29-5254-4dd2-94d5-27644337f36b,bearable.wedding,available,32.49,32.49,medium,low,8,namesilo,,,09/08/2026 04:27
2644233b-7e49-4128-b4b1-4d597643a3ea,appalled.wedding,available,32.49,32.49,medium,low,8,namesilo,,,
d417a3e9-91f2-454b-af85-00058417f82e,ayrshire.wedding,available,32.49,32.49,high,low,8,namesilo,,,21/09/2026 10:44
529bc44c-a6f9-40fd-9c12-450877864440,segment.wedding,available,26.08,26.08,high,low,7,spaceship,,,28/09/2026 20:24
16a0eca8-553e-4f09-9a80-b0dffc81146d,anatolia.wedding,available,32.49,32.49,high,low,8,namesilo,,,19/09/2026 03:30
57a35394-a2a9-482f-8e8b-2fda111470cf,peacefully.wedding,available,33.98,43.98,high,low,10,namecheap,,,15/09/2026 19:23
ac587f2c-6a3a-48f3-83bd-b985ce0a4178,adorno.wedding,available,26.97,26.97,medium,low,6,dynadot,,,01/10/2026 06:08
e37c6915-324c-4df7-9f88-a75860337109,rootbound.wedding,available,32.49,32.49,medium,low,9,namesilo,,,09/09/2026 00:46
649946e3-edf6-4873-846a-abda8a5273e9,performing.wedding,available,33.98,43.98,high,low,10,namecheap,,,
8a8ae968-2496-4942-a5bf-d1d54f6cb88a,bumped.wedding,available,26.08,26.08,medium,low,6,spaceship,,,29/09/2026 21:29
d1523a33-736e-425e-a7d0-71730af643e3,rustle.wedding,available,32.49,32.49,high,low,6,namesilo,,,13/09/2026 11:37
2dcbd551-7cc2-4f35-9e27-e771d0b71130,commissions.wedding,available,26.08,26.08,medium,low,11,spaceship,,,01/10/2026 00:07
38a3b88f-9f22-4946-b6f3-5a44f1d367b9,monkish.wedding,available,32.49,32.49,medium,low,7,namesilo,,,25/08/2026 04:53
794ca6e2-6220-4cc7-baf8-94a0971b2831,unhurried.wedding,available,32.49,32.49,medium,low,9,namesilo,,,12/09/2026 12:39
8d86e8fd-8791-4c56-b453-a44cc268ddbf,cooker.wedding,available,33.98,43.98,high,low,6,namecheap,,,24/09/2026 18:03
df7ebea9-b255-4679-a0bf-3a8697eaafa5,acer.wedding,available,33.98,43.98,high,low,4,namecheap,,,16/09/2026 23:32
c7169114-5f38-47cc-97f4-aa46c0df46a1,convergent.wedding,available,32.49,32.49,high,low,10,namesilo,,,12/08/2026 23:50
414e1249-9b9c-427f-ab5e-d5c33c94a735,sava.wedding,available,33.98,43.98,high,low,4,namecheap,,,30/09/2026 05:14
dd7c9dd7-70bd-4b30-bd6f-afae8d885489,pupal.wedding,available,32.49,32.49,high,medium,5,namesilo,,,09/09/2026 06:07
6a41bd6d-438a-4db9-b996-b618c4b9e210,fuchs.wedding,available,26.08,26.08,medium,low,5,spaceship,,,28/09/2026 14:00
1b4bb026-767c-4f56-b58c-d6b3131509c2,benign.wedding,available,32.49,32.49,medium,low,6,namesilo,,,09/08/2026 14:36
cfd90a54-8ca8-47d7-b4c9-cfb5be03283f,barometric.wedding,available,33.98,43.98,medium,low,10,namecheap,,,08/08/2026 20:06
09756a5e-6bc0-491c-942c-07074c2daf70,pester.wedding,available,32.49,32.49,medium,low,6,namesilo,,,21/09/2026 17:02
07092b73-c2d4-4776-a78b-18a104d368c2,beliefs.wedding,available,26.97,26.97,medium,low,7,dynadot,,,28/09/2026 17:24
80b65a69-80b9-4089-ba14-f102eec0ac4b,mysticism.wedding,available,33.98,43.98,medium,low,9,namecheap,,,03/10/2026 01:41
6060dd32-dcc3-417c-9a0f-45450b4aabb8,jeanette.wedding,available,32.49,32.49,high,low,8,namesilo,,,29/09/2026 09:37
bc333072-b552-4552-a0f2-ee7193bfc890,preview.wedding,available,32.49,32.49,high,low,7,namesilo,,,30/09/2026 07:16
4968ffef-9fbc-4a0c-a173-5b3efaffd2fa,agaricus.wedding,available,32.49,32.49,medium,low,8,namesilo,,,17/09/2026 16:23
9eaf912b-9de0-4f0f-aacc-2f5e94fa66bc,conventions.wedding,premium,5520,29.5,medium,low,11,namesilo,,,29/09/2026 16:17
83c26a34-51f7-416a-9aec-fa6b6666790a,handbag.wedding,available,33.98,43.98,high,low,7,namecheap,,,01/10/2026 19:55
4c91dd58-284d-4c2a-8eb0-7aa5294e86a3,installing.wedding,available,26.08,26.08,high,low,10,spaceship,,,30/09/2026 02:00
68670064-fef3-4fef-8172-19fbf6e2c089,hermit.wedding,available,32.49,32.49,high,low,6,namesilo,,,09/09/2026 11:42
e1aa8e07-d713-4235-b64c-fde2c66ef029,reopening.wedding,available,26.08,26.08,high,low,9,spaceship,,,01/10/2026 06:34
3e89cef3-b180-4bd3-9dc1-3fe0753c83ed,syllabic.wedding,available,32.49,32.49,high,low,8,namesilo,,,11/09/2026 05:58
94d695a7-f00b-4edc-aa1c-cc5eff88bfb7,glorified.wedding,available,32.49,32.49,high,low,9,namesilo,,,11/08/2026 17:29
8ee3585b-f916-4645-9200-afa955ff9ef8,brittle.wedding,available,32.49,32.49,medium,low,7,namesilo,,,11/08/2026 03:47
bd3c4f4f-8c4a-42b2-b4cb-047ec86dafdc,ergonomics.wedding,available,33.98,43.98,high,low,10,namecheap,,,23/09/2026 17:53
28ba4068-8290-4a1a-8d76-8cf794066390,predacious.wedding,available,32.49,32.49,high,medium,10,namesilo,,,09/09/2026 01:21
34b21a4c-7d3c-4343-8ca7-c344cdb3be56,notions.wedding,available,32.49,32.49,medium,low,7,namesilo,,,
3224a68a-c8d7-48d3-8cfd-b4be091ca2e1,taps.wedding,available,26.08,26.08,high,low,4,spaceship,,,29/09/2026 20:29
1e02fa92-ddd8-401a-92f5-5378ef560daf,braden.wedding,available,26.08,26.08,medium,low,6,spaceship,,,01/10/2026 18:20
92d49c12-2032-4dea-ac1f-71b5972d7973,teeny.wedding,available,32.49,32.49,high,low,5,namesilo,,,10/08/2026 08:12
b901610c-b46c-444e-8d39-e2eefd4b105c,glaser.wedding,available,32.49,32.49,high,low,6,namesilo,,,30/09/2026 01:21
1b31527d-7f7a-4e95-931f-f0b90e11b9e6,windy.wedding,available,32.49,32.49,high,low,5,namesilo,,,22/09/2026 22:44
c1be1f44-685a-464b-8fc7-a4be98cbe898,bunghole.wedding,available,32.49,32.49,medium,low,8,namesilo,,,20/09/2026 09:34
900f4eb2-6dcb-48ed-b434-9c37d5d6ef27,parks.wedding,available,26.97,26.97,high,low,5,dynadot,,,30/09/2026 06:26
eade5ffc-0172-486a-b1ab-7457f295dd5b,numerical.wedding,available,32.49,32.49,medium,low,9,namesilo,,,03/09/2026 22:52
960c6b74-d655-4b57-858a-8f31b323da4e,govern.wedding,available,26.08,26.08,high,low,6,spaceship,,,29/09/2026 13:54
57535fae-72dd-4452-9ed4-ce1f669ecd28,surplus.wedding,available,32.49,32.49,high,low,7,namesilo,,,17/08/2026 16:09
a0760736-259a-4d0d-9206-ecd097309b68,strapless.wedding,available,32.49,32.49,high,low,9,namesilo,,,10/09/2026 21:55
7361c488-c573-4827-9a55-8440365c79d0,gifts.wedding,premium,47.2,47.2,medium,low,5,namesilo,,,25/09/2026 17:25
42e0ec83-36a3-43ff-8cb6-052fe0d29ce9,migraine.wedding,available,32.49,32.49,high,low,8,namesilo,,,30/09/2026 01:52
a87ddbe0-941b-4e0a-8a23-325b8303f7c1,ivory.wedding,available,32.49,32.49,high,low,5,namesilo,,,04/09/2026 01:20
2ee5808b-7d10-4289-be2d-53eadab74b82,scabby.wedding,available,32.49,32.49,medium,low,6,namesilo,,,09/09/2026 22:13
09cbe873-e9ff-4a35-bbbe-8aacc1200ec3,nypd.wedding,available,26.08,26.08,high,medium,4,spaceship,,,30/09/2026 12:53
01556f0c-118a-456d-81cc-138319507be2,pentagon.wedding,available,32.49,32.49,high,low,8,namesilo,,,28/09/2026 06:34
c6c35b78-fb78-4087-a7df-bac549315e03,aquinas.wedding,available,32.49,32.49,medium,low,7,namesilo,,,19/09/2026 23:16
dbce869f-92e9-4a67-9189-b0912e6b8929,umpteenth.wedding,available,32.49,32.49,medium,low,9,namesilo,,,11/09/2026 23:09
8be9dbf2-d21f-4e00-9061-d445cb7e6f58,solitary.wedding,available,32.49,32.49,high,low,8,namesilo,,,24/08/2026 08:55
c1adad6e-cb00-4e10-aa09-8396b8dd138c,randomised.wedding,available,32.49,32.49,high,medium,10,namesilo,,,09/09/2026 10:15
664422d7-7b49-450b-9c36-4c2fc5a89982,pean.wedding,available,32.49,32.49,medium,low,4,namesilo,,,05/09/2026 00:47
0f1d0cc0-a287-4a15-b4b9-a2b08f5b32cb,borgia.wedding,available,32.49,32.49,medium,low,6,namesilo,,,18/09/2026 05:55
84e6358c-9f05-4918-93f4-e52bd1958f3d,mantic.wedding,available,32.49,32.49,medium,low,6,namesilo,,,14/08/2026 13:48
71110306-72b7-42fd-82ce-30613ffa101f,grenadian.wedding,available,33.98,43.98,high,low,9,namecheap,,,20/08/2026 20:00
666d4baa-96cb-43e9-9d77-8798b8740149,bivalent.wedding,available,32.49,32.49,high,low,8,namesilo,,,10/08/2026 08:58
df3c110c-cc10-4429-8bac-5542da6e9d5b,carriage.wedding,premium,96,29.5,high,low,8,namesilo,,,29/09/2026 00:08
ea63a66c-eb99-493c-97df-3c17f295f83a,feathers.wedding,available,25.2,25.2,medium,low,8,cloudflare,,,28/09/2026 08:18
0c9f7046-774c-4f42-b295-81c8d85d2e61,favor.wedding,available,32.49,32.49,high,low,5,namesilo,,,27/09/2026 03:53
8f10121e-902d-4e98-b6e8-03509e780ba5,filial.wedding,available,32.49,32.49,medium,low,6,namesilo,,,18/08/2026 04:17
4da2e1f4-37f9-4124-8008-e1caf82f84ad,paducah.wedding,available,26.08,26.08,high,low,7,spaceship,,,30/09/2026 10:47
5cfbb589-f43a-49d5-9d3a-1561bf3911ff,englewood.wedding,available,32.49,32.49,medium,low,9,namesilo,,,28/09/2026 16:54
afd9deda-2aab-435e-9c85-34382d13e1b5,medway.wedding,available,25.2,25.2,medium,low,6,cloudflare,,,30/09/2026 21:37
ae1faeb6-b803-4a39-ae59-7a1160d4cb82,viscous.wedding,available,32.49,32.49,high,low,7,namesilo,,,20/08/2026 15:25
0c6d1906-6233-413b-81ff-980a19a4c4e2,elmira.wedding,available,26.26,26.26,medium,low,6,porkbun,,,28/09/2026 16:42
0c0148f9-66d7-493d-a426-daaac62e0053,sorts.wedding,available,32.49,32.49,medium,low,5,namesilo,,,27/09/2026 10:13
b4728dc4-049f-476f-9ce0-f8e4e794f0eb,lateral.wedding,available,32.49,32.49,high,low,7,namesilo,,,22/08/2026 20:34
cfab4237-7f09-4b22-a4b4-aa47c0a87d9f,owlish.wedding,available,32.49,32.49,medium,low,6,namesilo,,,04/09/2026 22:14
1e966444-5e00-4704-9b94-ae83e6b4a97f,embarrassed.wedding,available,32.49,32.49,medium,low,11,namesilo,,,27/09/2026 06:32
ec68cd10-5957-4b30-92d6-fb997a6d7c74,spatially.wedding,available,32.49,32.49,medium,low,9,namesilo,,,16/09/2026 05:56
57018b15-8099-41f5-9b6b-c6bbfe0d4183,laying.wedding,available,32.49,32.49,high,low,6,namesilo,,,25/09/2026 22:34
d266eedd-faa2-4b5a-b445-4e6475e34e0b,parentally.wedding,available,33.98,43.98,medium,low,10,namecheap,,,15/09/2026 18:57
43517926-c62a-4d0f-bc15-367a4bc3a5a2,badges.wedding,available,32.49,32.49,medium,low,6,namesilo,,,29/09/2026 17:33
fd759d33-ac0b-47d2-a96a-77e04d8eca4f,clive.wedding,available,33.98,43.98,high,low,5,namecheap,,,22/09/2026 07:05
10842b21-86cf-491a-a8fc-2020d4995824,phil.wedding,available,25.2,25.2,high,medium,4,cloudflare,,,02/10/2026 08:48
62240612-924d-4d74-8843-ada09b6b12bc,cupric.wedding,available,32.49,32.49,medium,low,6,namesilo,,,13/08/2026 10:49
f5574fde-cdcb-4b8a-8bd1-47bddb1abf93,farewell.wedding,available,32.49,32.49,high,low,8,namesilo,,,28/09/2026 01:53
f51d9599-28c2-4566-a631-57bfa8702797,reins.wedding,available,25.2,25.2,medium,low,5,cloudflare,,,01/10/2026 15:51
5f9adfdd-ad23-4a88-86d5-2e86603da0d9,riotous.wedding,available,46.99,46.99,medium,low,7,name.com,,,13/08/2026 20:26
f2f4acf1-0204-4992-8b22-92c01d5f43c3,ought.wedding,available,26.08,26.08,high,low,5,spaceship,,,01/10/2026 04:34
a1e9ec8e-7bcf-4e52-94b6-6881fb1571c5,addams.wedding,available,25.2,25.2,medium,low,6,cloudflare,,,29/09/2026 23:22
4a16869c-1505-424a-9630-e0cdb1bc3c07,vega.wedding,available,26.08,26.08,high,medium,4,spaceship,,,29/09/2026 07:30
f18ae3b9-8994-4869-833f-477bbb5b0a5e,tierce.wedding,available,32.49,32.49,medium,low,6,namesilo,,,
46e1979c-ea79-46dc-b70c-2c0e799ff453,idealist.wedding,available,25.2,25.2,high,low,8,cloudflare,,,02/10/2026 15:46
8dcdc492-d1bf-4b84-a687-b04ab86af87d,effect.wedding,available,32.49,32.49,high,low,6,namesilo,,,29/09/2026 11:08
6cd27a75-2a45-4d08-bca8-4ca90af1ecd5,redirect.wedding,available,26.97,26.97,high,low,8,dynadot,,,30/09/2026 11:21
accb8c50-5787-4ce1-9f90-229d3f86f48b,birdcage.wedding,available,33.98,43.98,high,low,8,namecheap,,,23/09/2026 20:32
036e82cd-0932-4bc9-9aed-0003259face2,vaulted.wedding,available,32.49,32.49,high,low,7,namesilo,,,14/08/2026 15:39
5c11e774-17d0-406a-bb0b-e111a8988f3f,thrasher.wedding,available,33.98,43.98,medium,low,8,namecheap,,,18/09/2026 13:24
6319703e-b6b0-47e9-8c9b-593f22a9a5c5,eritrean.wedding,available,32.49,32.49,high,low,8,namesilo,,,17/08/2026 12:22
95eeed03-1e5c-45d5-8140-834e47736935,hurdles.wedding,available,26.08,26.08,high,low,7,spaceship,,,03/10/2026 01:15
f518e778-35de-4e20-8d9f-a81a185148d0,jocelyn.wedding,available,26.08,26.08,high,low,7,spaceship,,,30/09/2026 06:44
dffcb24f-65e3-4909-ace1-85d8f128738c,cesium.wedding,available,32.49,32.49,medium,low,6,namesilo,,,20/09/2026 23:15
3a20a515-2bfa-4dab-b44a-848a6cfb65c7,agog.wedding,available,33.98,43.98,medium,low,4,namecheap,,,
5fc44456-e1db-462f-b07f-ee70687901e4,acquiring.wedding,available,33.98,43.98,high,low,9,namecheap,,,17/09/2026 02:42
d4dc330c-ddf1-4d9c-961c-6a1a65c7b300,intune.wedding,available,32.49,32.49,high,low,7,namesilo,,,17/09/2026 12:54
78cc324b-43dc-444c-8b75-96af7911ecd6,newcomers.wedding,available,32.49,32.49,medium,low,9,namesilo,,,02/10/2026 03:04
c1aa555b-8a28-466f-9891-159876629a81,pillock.wedding,available,32.49,32.49,low,low,7,namesilo,,,10/09/2026 23:13
e421e45b-7ab8-4e56-8182-b0e3a859877c,bombs.wedding,available,33.98,43.98,medium,low,5,namecheap,,,25/09/2026 21:33
85ea5eeb-7e3d-4453-a909-f91563ad7099,plow.wedding,available,26.08,26.08,high,low,4,spaceship,,,02/10/2026 04:34
af0dc8b0-4660-4228-8f2a-6106d123c5f0,keyhole.wedding,available,26.08,26.08,high,low,7,spaceship,,,03/10/2026 01:24
bf79a4df-9b48-497b-a7f1-4519aa11ca40,farc.wedding,available,26.08,26.08,medium,low,4,spaceship,,,03/10/2026 00:42
ffe3e44c-a6cc-4d0b-9915-adc13b26644b,marine.wedding,available,32.49,32.49,high,low,6,namesilo,,,25/09/2026 16:45
eed7f682-92d3-4f3b-a052-b9e605d7210a,ordnance.wedding,available,32.49,32.49,high,low,8,namesilo,,,20/09/2026 11:44
80a1764d-f938-454f-a6c6-7d37a98a4b5e,scheme.wedding,available,26.08,26.08,high,low,6,spaceship,,,30/09/2026 10:40
780d8a4b-0ff0-4fb1-8bd6-9c9f149e0309,charnel.wedding,available,32.49,32.49,medium,low,7,namesilo,,,12/08/2026 02:37
eeaa85c0-619d-4145-9d3b-3f57db1db2f9,moulding.wedding,available,32.49,32.49,medium,low,8,namesilo,,,24/09/2026 15:25
d1edb928-c7fa-4272-890c-17f75eed0b08,doubled.wedding,available,32.49,32.49,high,low,7,namesilo,,,14/08/2026 16:55
5a430b61-a8d8-43ab-919c-5c596276cf20,eben.wedding,available,32.49,32.49,medium,low,4,namesilo,,,02/10/2026 07:21
e0b66d31-1f5e-4563-abcd-0a51534571f5,ninefold.wedding,available,32.49,32.49,medium,low,8,namesilo,,,03/09/2026 17:31
b31cac11-1bd6-4417-ba27-578d9a3642a9,entourage.wedding,available,26.08,26.08,high,low,9,spaceship,,,01/10/2026 19:29
dc8be7fb-65fa-43c2-aa07-4ea8f1569fa9,biryani.wedding,available,32.49,32.49,high,low,7,namesilo,,,23/09/2026 20:44
62499d64-d690-43cc-91da-129aa869b8d6,unlovable.wedding,available,32.49,32.49,medium,low,9,namesilo,,,12/09/2026 15:08
db91eb0d-1d74-4edb-875d-50a5c0b88002,ecstatic.wedding,available,32.49,32.49,high,low,8,namesilo,,,14/08/2026 23:44
37a8be18-2dab-4692-8bbc-dc72f4d4e3d6,stardust.wedding,available,26.97,26.97,high,low,8,dynadot,,,02/10/2026 16:51
e6e19f7e-6905-4cd2-ac78-7bcd0b20049c,anunnaki.wedding,available,32.49,32.49,medium,low,8,namesilo,,,19/09/2026 15:51
a809db5e-7a8a-4e83-b4c9-4b84a53cbc1a,provinces.wedding,available,32.49,32.49,medium,low,9,namesilo,,,18/09/2026 15:35
27638c4f-387a-401a-9658-03ec8d3c0de0,canister.wedding,available,25.2,25.2,high,low,8,cloudflare,,,02/10/2026 23:49
0f9ddff8-e47f-4154-a7a6-7bff8ed69fe5,wizen.wedding,available,32.49,32.49,high,medium,5,namesilo,,,10/09/2026 06:59
55540ad2-28f6-48b3-9401-4072edc16fed,luigi.wedding,available,32.49,32.49,high,low,5,namesilo,,,27/09/2026 07:36
e12c3a58-8952-4088-9036-1adfba579f24,asinine.wedding,available,32.49,32.49,low,low,7,namesilo,,,07/08/2026 02:35
78d31333-5856-4ae4-bc35-696df73c0ecd,stand.wedding,available,25.2,25.2,high,low,5,cloudflare,,,29/09/2026 00:58
5890f673-ad03-46c6-a467-a3db5a4cf4f3,looting.wedding,available,26.97,26.97,high,low,7,dynadot,,,01/10/2026 20:22
56bdc1e2-cfff-4a17-ae4c-5b79171a2a7e,empathic.wedding,available,32.49,32.49,high,low,8,namesilo,,,16/08/2026 16:41
a48e0384-60c5-4a8a-b025-63cb5140963f,grouped.wedding,available,33.98,43.98,medium,low,7,namecheap,,,20/08/2026 20:22
910730b0-e948-444a-b832-f68961437f49,goodman.wedding,available,33.98,43.98,high,low,7,namecheap,,,23/09/2026 08:16
db4276ee-7d8d-40c6-8ef6-7824a088ec33,making.wedding,available,25.2,25.2,high,low,6,cloudflare,,,29/09/2026 14:44
75d9a974-d2ac-4fcd-9312-5ec6793fc8a9,suppose.wedding,available,32.49,32.49,high,low,7,namesilo,,,29/09/2026 11:02
083309fd-3c4e-4ffd-b4bf-15fcc9b4471f,adf.wedding,premium,41.6,26.08,high,low,3,spaceship,,,01/10/2026 06:54
5c8f9c4d-9a2c-46ba-84af-7d8e0a0922c1,fontainebleau.wedding,available,26.97,26.97,medium,low,13,dynadot,,,30/09/2026 13:48
307e5cf2-04c3-4d3f-b8c2-21016d85cd99,botanical.wedding,available,32.49,32.49,high,low,9,namesilo,,,10/08/2026 20:47
7352d3c3-22e6-4733-97d5-cb81756298be,purity.wedding,available,32.49,32.49,high,low,6,namesilo,,,28/09/2026 15:09
a6c1fa9e-144d-4e77-a2cc-23856de0205a,mashed.wedding,available,25.2,25.2,high,low,6,cloudflare,,,30/09/2026 12:00
4951faaa-01e3-4263-afe0-ea7e38e0cb16,carnegie.wedding,available,32.49,32.49,high,low,8,namesilo,,,19/09/2026 04:42
6c83979b-05fc-4070-b6d1-113cc66d35a7,pickering.wedding,available,32.49,32.49,high,low,9,namesilo,,,30/09/2026 16:16
d1d1bb50-fb1f-48da-9496-b6377286e342,kenyan.wedding,available,32.49,32.49,high,low,6,namesilo,,,22/08/2026 15:34
02fed0c4-6270-407e-97d1-58ae8c69354f,hamper.wedding,available,26.08,26.08,high,low,6,spaceship,,,02/10/2026 05:09
25a5f5c6-f641-4574-8457-9a1f00057f01,chattanooga.wedding,premium,44.19,27.82,high,low,11,porkbun,,,30/09/2026 21:04
ba7b1821-c3d0-41cd-b6bb-d01d91246a3f,taproom.wedding,available,32.49,32.49,high,low,7,namesilo,,,22/09/2026 03:42
52bd8aa9-a278-4d69-a6bf-02ab6c56de0c,stately.wedding,available,32.49,32.49,high,low,7,namesilo,,,08/08/2026 20:22
0f91b8bc-9d39-4515-92db-53471e987307,weave.wedding,available,32.49,32.49,high,low,5,namesilo,,,30/09/2026 04:04
c064af04-3e2b-4879-80df-15b3f092e34a,bounds.wedding,available,26.08,26.08,medium,low,6,spaceship,,,29/09/2026 00:15
a25b68f4-73b7-4de6-ae04-0fea0a181c61,pendulum.wedding,available,26.08,26.08,high,low,8,spaceship,,,01/10/2026 03:17
935ebefb-ac46-40d8-aa92-447aeb5e3568,packing.wedding,available,26.26,26.26,high,low,7,porkbun,,,29/09/2026 00:21
3575621b-6e5d-44c6-984f-2ffa568fe3d6,hats.wedding,available,32.49,32.49,high,low,4,namesilo,,,18/09/2026 07:32
948386c6-1581-4930-be4d-4c5a24909794,stably.wedding,available,32.49,32.49,high,low,6,namesilo,,,16/09/2026 06:43
5ce18731-6ef9-4e1c-8e5e-0308225f0036,million.wedding,available,33.98,43.98,high,low,7,namecheap,,,25/09/2026 20:09
9c857706-85cc-442d-a912-0a00e1a37a2e,esthetic.wedding,available,33.98,43.98,high,low,8,namecheap,,,21/09/2026 21:16
c0d61114-ab01-47c6-a8a0-883bea65282d,correctional.wedding,available,26.08,26.08,medium,low,12,spaceship,,,29/09/2026 14:55
07aa4228-02a7-4516-9de4-851b0bc5872e,curved.wedding,available,32.49,32.49,high,low,6,namesilo,,,13/08/2026 11:47
f34ecdcc-12d7-4072-bb33-aa1e8c1ece65,pizzeria.wedding,available,26.08,26.08,high,low,8,spaceship,,,30/09/2026 06:58
689132ae-e3b2-4abb-af7d-099be31976f4,designing.wedding,available,32.49,32.49,high,low,9,namesilo,,,14/08/2026 03:45
c005580a-25ff-4446-9941-7ed5cbb763e1,graphics.wedding,available,25.2,25.2,high,low,8,cloudflare,,,28/09/2026 22:24
e43c4eb0-8492-4747-a107-f031c0def9c3,underived.wedding,available,32.49,32.49,medium,low,9,namesilo,,,12/09/2026 07:29
c6ef2b64-5b51-4e57-9b7a-71b7fe75b0b0,uninvited.wedding,available,32.49,32.49,high,low,9,namesilo,,,12/09/2026 13:33
3c1093b6-a627-4aad-9fb1-f646e78d88f4,peoples.wedding,available,32.49,32.49,medium,low,7,namesilo,,,29/09/2026 01:49
d0c3a084-3f07-4cbe-8004-327f35b86cf5,laconia.wedding,available,26.08,26.08,medium,low,7,spaceship,,,02/10/2026 05:33
8544d494-e723-4608-ba73-ad65ed7b1d0b,various.wedding,available,26.08,26.08,high,low,7,spaceship,,,28/09/2026 10:11
706dc218-5e09-42a5-815f-80560ac710fd,laugh.wedding,available,26.08,26.08,high,low,5,spaceship,,,29/09/2026 20:26
5a5aa361-7f7b-48f7-8378-7b6cd29aacb6,coffeeberry.wedding,available,32.49,32.49,high,low,12,namesilo,,,
b4f58320-e6a1-4ac6-8fad-86488281654b,benighted.wedding,available,32.49,32.49,low,low,9,namesilo,,,08/09/2026 09:10
e50d5656-7012-4da2-873c-a26785304ce9,doses.wedding,available,26.08,26.08,medium,low,5,spaceship,,,29/09/2026 17:50
b8d76323-1ca4-40d6-8666-21d48645da39,over.wedding,premium,47.2,29.5,high,low,4,namesilo,,,22/09/2026 00:56
c2fabbe6-c23a-45f1-bfcb-1917c33b2981,vestigial.wedding,available,32.49,32.49,medium,low,9,namesilo,,,13/09/2026 04:54
b38a7919-e134-4ab1-bff0-f9563985b1ff,budge.wedding,available,25.2,25.2,medium,low,5,cloudflare,,,30/09/2026 16:30
faa9cc4e-07bb-438f-beda-95e8302dbad5,herod.wedding,available,26.08,26.08,medium,low,5,spaceship,,,28/09/2026 14:26
66c4581d-c630-411e-8680-5ede52e503d2,pitchy.wedding,available,32.49,32.49,medium,low,6,namesilo,,,12/08/2026 13:45
693e1eb9-9ee3-4777-b17e-9d8b72278ba8,assassins.wedding,available,26.08,26.08,low,low,9,spaceship,,,30/09/2026 07:00
2fe3786c-b375-49d0-93f9-90a560c2358e,speculative.wedding,available,32.49,32.49,medium,low,11,namesilo,,,02/10/2026 07:16
4037e788-5889-45c4-ba33-2549424c218e,bok.wedding,premium,,,high,low,3,,,,30/09/2026 19:18
ff426275-4a1d-4e80-a1b1-ee6ed02fbcc1,merchants.wedding,available,33.98,43.98,high,low,9,namecheap,,,18/09/2026 04:36
69caa9f2-e8d2-4f16-a1e3-a93275e350a7,footing.wedding,available,32.49,32.49,high,low,7,namesilo,,,22/09/2026 11:02
acb48dac-b90e-481e-b226-f2607d31cf0a,narrates.wedding,available,26.26,26.26,medium,low,8,porkbun,,,29/09/2026 17:58
7c0dd4f6-ee3d-495f-9739-786725afbd7b,valladolid.wedding,available,32.49,32.49,medium,low,10,namesilo,,,29/09/2026 22:02
06a9fbe1-287f-4fdd-b0a2-945e4499951c,franchise.wedding,available,33.98,43.98,high,low,9,namecheap,,,24/09/2026 21:02
410d6399-c81a-42a9-a064-13877e98005c,brigand.wedding,available,33.98,43.98,medium,low,7,namecheap,,,22/09/2026 01:20
f4d066f9-f2b6-42e8-85db-f86239bd2fae,folksy.wedding,available,32.49,32.49,medium,low,6,namesilo,,,13/08/2026 04:22
1ee2b0b6-22db-4e09-8463-eaf2156941ab,means.wedding,available,33.98,43.98,high,low,5,namecheap,,,30/09/2026 04:10
a9bf9cf6-922c-401e-b74c-837237c82515,verdi.wedding,available,32.49,32.49,high,low,5,namesilo,,,03/10/2026 00:58
b1cbbb93-833d-42cf-bd58-ba5599d89184,emulous.wedding,available,33.98,43.98,medium,low,7,namecheap,,,16/08/2026 21:03
82bf42fc-ac5d-4be0-9429-29e544af9173,jacobs.wedding,available,26.08,26.08,high,low,6,spaceship,,,28/09/2026 20:14
815b21ab-893a-4f29-b307-c1cc85782a45,olympics.wedding,available,26.08,26.08,high,low,8,spaceship,,,30/09/2026 06:06
4afdb9f1-1a71-41c0-8e47-8c84e2c40eaa,mostly.wedding,available,32.49,32.49,high,low,6,namesilo,,,28/09/2026 13:39
23e665a7-bbbb-4ed8-9cbe-6424547152cb,oiled.wedding,available,32.49,32.49,medium,low,5,namesilo,,,04/09/2026 01:49
65d3640d-ccea-4624-9f34-27435c41d867,brassiere.wedding,available,33.98,43.98,high,low,9,namecheap,,,22/09/2026 01:02
1a886ad8-38c4-4dd4-9d21-aed7c257b316,somewhat.wedding,available,32.49,32.49,high,low,8,namesilo,,,25/09/2026 12:06
e91c7d41-3c2d-4607-ad68-ce1452c6a9dd,wearing.wedding,available,32.49,32.49,medium,low,7,namesilo,,,11/09/2026 16:26
24e268a5-c243-44e0-b934-e00f029dcb16,redhead.wedding,available,32.49,32.49,high,low,7,namesilo,,,21/09/2026 10:48
67cee50c-50be-4d58-9b64-d078a766f901,complement.wedding,available,33.98,43.98,high,low,10,namecheap,,,29/09/2026 10:29
626ca3a1-4c52-4f18-9d89-cca700d7482a,uninterrupted.wedding,available,26.08,26.08,medium,low,13,spaceship,,,01/10/2026 06:00
d168155a-74df-4a02-b039-ad5c26c24870,comparably.wedding,available,32.49,32.49,medium,low,10,namesilo,,,14/09/2026 07:37
6846a35f-b528-4ad2-aaaa-6158980edfee,rejection.wedding,available,32.49,32.49,high,low,9,namesilo,,,30/09/2026 09:31
61b4731c-3b68-4721-935b-09b027ab8b43,persian.wedding,premium,854,29.5,high,low,7,namesilo,,,22/08/2026 09:41
e6e96a00-fd8b-4155-8cb5-44ee2269da14,nookie.wedding,available,32.49,32.49,medium,low,6,namesilo,,,18/08/2026 17:31
5de1d201-f622-4c4e-8641-cb1996b46a20,canon.wedding,available,32.49,32.49,high,medium,5,namesilo,,,19/09/2026 11:56
c6608698-28bb-4553-b90f-3c5046f74096,heighten.wedding,available,33.98,43.98,high,low,8,namecheap,,,12/08/2026 19:31
0316ab4b-e46e-4624-a324-c119dcd7b053,inch.wedding,available,33.98,43.98,high,low,4,namecheap,,,25/09/2026 08:00
0a93fb92-67ab-4e50-b362-d8e8cb45eea8,annular.wedding,available,,,medium,low,7,,,,
0c59846b-3df7-405e-854c-eb9e67c7938a,backstory.wedding,available,33.98,43.98,high,low,9,namecheap,,,03/10/2026 03:04
99041554-982b-4f75-83c9-f38d1be16ee5,bowelless.wedding,available,32.49,32.49,high,medium,9,namesilo,,,10/08/2026 23:08
a80dc05b-b03c-412b-9b63-c10729e81975,unguarded.wedding,available,32.49,32.49,medium,low,9,namesilo,,,12/09/2026 11:39
faed9d3d-025c-4dd0-8c44-eedb86a543c6,axiomatic.wedding,available,32.49,32.49,medium,low,9,namesilo,,,05/08/2026 23:27
3c902c86-43fc-43d8-8962-a41e1f39d2f1,ballroom.wedding,premium,5520,29.5,high,low,8,namesilo,,,29/09/2026 00:49
676f2d91-a74c-425f-9cb1-aab1d7a622cf,singularly.wedding,available,32.49,32.49,medium,low,10,namesilo,,,16/09/2026 01:55
9a8e0b3e-b7b4-44c8-9f2c-b07e340f6f62,corrupted.wedding,available,32.49,32.49,medium,low,9,namesilo,,,23/09/2026 23:59
bc684b8b-295b-4f5b-91dc-5d62261d323f,essen.wedding,available,26.08,26.08,medium,low,5,spaceship,,,28/09/2026 19:08
5254a144-45c7-4ba5-962a-cee1626e766f,ropey.wedding,available,32.49,32.49,high,medium,5,namesilo,,,09/09/2026 18:38
9c96892d-6b05-4ed8-8345-aa45c7612b71,dispensed.wedding,available,32.49,32.49,medium,low,9,namesilo,,,14/08/2026 11:54
6dc684d4-6daf-4866-8383-3a96c6fa5f5d,withheld.wedding,available,25.2,25.2,medium,low,8,cloudflare,,,30/09/2026 22:34
f530afe0-3a92-481e-9f8f-74da086546f9,ritually.wedding,available,32.49,32.49,medium,low,8,namesilo,,,15/09/2026 23:55
3d430110-876f-47f7-a7ae-0878e9f357a2,cemeteries.wedding,available,32.49,32.49,medium,low,10,namesilo,,,30/09/2026 14:40
edca552c-9b7e-4ace-a581-7b57418ba8d3,hooked.wedding,available,33.98,43.98,high,low,6,namecheap,,,22/09/2026 07:30
e55b7ad8-d67d-4858-88e9-2315c9cdb4a5,sacco.wedding,available,32.49,32.49,high,low,5,namesilo,,,02/10/2026 16:12
9b4cc5c2-d375-4c39-8d46-e8af6f2b85a2,motorised.wedding,available,32.49,32.49,medium,low,9,namesilo,,,25/08/2026 08:28
b25f077a-95cc-45b9-8fbd-8ce070fef70c,strife.wedding,available,32.49,32.49,high,low,6,namesilo,,,24/09/2026 22:33
f939dbb3-f5fc-44da-976b-a03cce9ff4ce,remainder.wedding,available,32.49,32.49,high,low,9,namesilo,,,09/09/2026 15:03
8eea06da-c59c-4f0d-bbaf-8acff7a756e0,gratifying.wedding,available,32.49,32.49,high,low,10,namesilo,,,17/08/2026 09:19
cff5ec9b-429e-43f6-bdaf-353f0101b3f0,glycogen.wedding,available,32.49,32.49,medium,low,8,namesilo,,,19/09/2026 08:46
89d677e0-31bf-4024-a306-5afe20d69ac3,turkish.wedding,premium,50,46.99,medium,low,7,name.com,,,11/09/2026 21:18
37c07d7f-786b-4757-b8b9-ed0c194562a3,jets.wedding,premium,44,26.97,high,low,4,dynadot,,,28/09/2026 12:04
34444af4-a865-4029-aafb-649909200f54,laden.wedding,available,32.49,32.49,medium,low,5,namesilo,,,22/08/2026 18:30
f79cdb41-6105-40f1-9c32-e454e82678c6,nasdaq.wedding,available,33.98,43.98,high,low,6,namecheap,,,28/09/2026 02:27
12dc0586-94ab-4e07-9fff-31fde9fee807,liquor.wedding,available,26.26,26.26,high,low,6,porkbun,,,29/09/2026 03:40
2a1f6c57-5c08-4265-861c-de618ab5f3b9,liegeman.wedding,available,32.49,32.49,medium,low,8,namesilo,,,18/08/2026 03:05
a82befbb-1dc3-4fef-b24a-4c8f588b649e,uric.wedding,available,32.49,32.49,medium,low,4,namesilo,,,12/09/2026 23:37
06086b96-5f55-4af6-8913-c12ba24d5d4c,hookup.wedding,available,32.49,32.49,high,low,7,namesilo,,,
c016281a-b8ba-4046-b313-3b39e08e516f,cfb.wedding,premium,41.6,26.08,high,low,3,spaceship,,,02/10/2026 19:08
e11b4129-f4c4-46ec-a81c-8791458f351c,keyed.wedding,available,32.49,32.49,medium,low,5,namesilo,,,22/08/2026 15:42
fac8c326-dbe3-4c6f-b387-228d706cc82f,clementine.wedding,available,32.49,32.49,high,low,10,namesilo,,,24/09/2026 15:33
9366e1d9-2d6e-43b0-a989-c10d219e3e20,mmr.wedding,premium,41.6,26.08,high,low,3,spaceship,,,02/10/2026 03:24
ceda46ad-a9cd-4ca0-b35f-4ae431e5b5a9,abkhazian.wedding,available,32.49,32.49,medium,low,9,namesilo,,,
6077a738-5642-43b1-a87f-69ae90177c64,hormones.wedding,available,32.49,32.49,medium,low,8,namesilo,,,28/09/2026 23:02
8538d6a1-0445-4781-ba26-e55ff2221cf4,ramshackle.wedding,available,32.49,32.49,medium,low,10,namesilo,,,11/08/2026 05:22
b414d471-26c3-4498-97de-10705992b880,nitrogen.wedding,available,46.99,46.99,high,low,8,name.com,,,20/09/2026 23:37
7cceb2d0-a108-4c74-9f7b-3b3142e14483,catalogue.wedding,available,32.49,32.49,high,low,9,namesilo,,,24/09/2026 13:08
3f1ef3c5-6df0-46c0-983f-a3e24b14ac16,lunate.wedding,available,32.49,32.49,medium,low,6,namesilo,,,13/08/2026 06:12
6eace793-05f8-4fa2-888a-efa0ec963698,dishonor.wedding,available,26.26,26.26,high,low,8,porkbun,,,29/09/2026 15:45
ba83d173-34ab-4655-a0b1-498e5939da21,taoism.wedding,available,26.97,26.97,medium,low,6,dynadot,,,30/09/2026 16:55
ac8632dd-0e54-4106-81d3-2ff9917185c2,boring.wedding,available,32.49,32.49,high,low,6,namesilo,,,23/09/2026 00:20
497752c1-ee9c-470d-9db2-0d9ead9ef5c1,crops.wedding,available,26.08,26.08,medium,low,5,spaceship,,,29/09/2026 04:57
2b33df9f-13a5-4f9e-a6ed-f7050fb8a9f0,mcdaniel.wedding,available,32.49,32.49,medium,low,8,namesilo,,,29/09/2026 04:34
43d59314-1e89-4f0c-8c02-928a28e06aa0,generalist.wedding,available,25.2,25.2,high,low,10,cloudflare,,,02/10/2026 15:27
2fb235de-995a-44d3-a867-b78515f1a6b3,veronica.wedding,available,33.98,43.98,high,low,8,namecheap,,,30/09/2026 02:57
0a711d3c-602d-41bb-b723-8474cf93be91,affections.wedding,available,32.49,32.49,medium,low,10,namesilo,,,17/09/2026 07:05
c39d22e7-2c63-4ab0-ac24-a1cbc78d4ea5,galle.wedding,available,32.49,32.49,medium,low,5,namesilo,,,02/10/2026 08:48
ccc7ec0b-5331-49aa-ba45-9c91941f10d7,envious.wedding,available,33.98,43.98,medium,low,7,namecheap,,,24/09/2026 01:02
750bdc44-a721-4db3-a2be-9fe9ca3a17db,disobedience.wedding,available,33.98,43.98,medium,low,12,namecheap,,,16/09/2026 12:19
10e54134-2447-4e04-b331-cc2563350937,idly.wedding,available,32.49,32.49,high,low,4,namesilo,,,15/09/2026 01:38
9ebb0970-03a6-41b5-9529-7c0234b1d5c9,harmonious.wedding,available,32.49,32.49,high,low,10,namesilo,,,21/08/2026 01:03
8d2b2c65-b7a0-44fd-a8fa-3ee97103be80,grumbler.wedding,available,32.49,32.49,medium,low,8,namesilo,,,23/09/2026 06:49
6b72f1cb-dc95-4c7a-b266-8baeb24c225c,tracey.wedding,available,32.49,32.49,medium,low,6,namesilo,,,28/09/2026 21:51
7f9dba9a-9933-4b2f-85a8-507bbd552a8b,keith.wedding,available,32.49,32.49,high,low,5,namesilo,,,17/09/2026 22:02
aebf6319-98b8-491a-a184-69d424169a4e,cleaver.wedding,available,32.49,32.49,medium,low,7,namesilo,,,29/09/2026 09:55
e6a9532d-3fa8-4138-b748-78fca6c85da7,meteorite.wedding,available,32.49,32.49,high,low,9,namesilo,,,02/10/2026 05:46
393cda53-3f3c-4c13-ab98-e85a3aa4016c,dopy.wedding,available,32.49,32.49,medium,low,4,namesilo,,,14/08/2026 16:02
314d6f80-e458-4e3a-a667-0c99742acbc6,sunnily.wedding,available,32.49,32.49,medium,low,7,namesilo,,,14/09/2026 06:41
0324f1a4-39fa-4b4c-bd6b-ce28f042d602,edta.wedding,available,33.98,43.98,high,low,4,namecheap,,,02/10/2026 14:57
53aa26bd-186d-4fcd-aba1-c683e8b75257,ghulam.wedding,available,26.08,26.08,medium,low,6,spaceship,,,02/10/2026 19:09
f7e22296-1513-4a05-92d0-81ba52e19139,pretorial.wedding,available,32.49,32.49,high,medium,9,namesilo,,,09/09/2026 01:02
da1b9706-0078-4457-80fe-81ffb19a3995,relate.wedding,available,32.49,32.49,high,low,6,namesilo,,,07/08/2026 07:03
9c3e3793-d6df-4b9c-b2b5-befbebc5c5b3,exchange.wedding,available,25.2,25.2,high,low,8,cloudflare,,,02/10/2026 23:42
e9a965a5-f3bd-4a35-a870-0d39a02d7d2f,vertical.wedding,available,33.98,43.98,high,low,8,namecheap,,,24/09/2026 14:52
9ab6af67-40bd-4657-93cb-40b16f37e311,rendering.wedding,available,26.08,26.08,high,low,9,spaceship,,,29/09/2026 19:21
914e3f21-c2b9-47fc-a85b-d29314294b29,longroot.wedding,available,33.98,43.98,medium,low,8,namecheap,,,20/09/2026 03:40
90899cda-35b8-4795-804e-9618c4b68c39,cuttable.wedding,available,32.49,32.49,medium,low,8,namesilo,,,12/08/2026 04:30
2fc0a9f5-f632-4a20-82c0-e762899c2b8f,moriarty.wedding,available,26.08,26.08,medium,low,8,spaceship,,,30/09/2026 13:37
b4f828f0-e438-43bf-a5a6-b60545ecc547,bleb.wedding,available,32.49,32.49,medium,low,4,namesilo,,,24/09/2026 05:21
7e753049-f241-45c9-a2d0-c05a25b2b120,shady.wedding,available,32.49,32.49,high,low,5,namesilo,,,18/08/2026 09:37
ceceb797-4827-4d44-9e54-7747a75b46b3,foundations.wedding,available,26.08,26.08,high,low,11,spaceship,,,30/09/2026 06:58
aa764dc8-ea30-4841-a670-03ab20ea82a0,tenner.wedding,available,32.49,32.49,medium,low,6,namesilo,,,21/09/2026 10:53
505416c1-0ef7-4a91-809f-2af92c4ae9ae,damascene.wedding,available,46.99,46.99,medium,low,9,name.com,,,13/08/2026 16:07
b3184852-7a86-4f15-928b-8a7bf55bde3e,saigon.wedding,available,33.98,43.98,medium,low,6,namecheap,,,28/09/2026 10:04
2b5673fb-5944-4695-a7f5-8ccfe9f8574f,mohammed.wedding,available,26.08,26.08,high,low,8,spaceship,,,30/09/2026 17:57
7f90a0f7-01fb-40d4-962d-b4bb9bb2f9de,huddersfield.wedding,available,32.49,32.49,medium,low,12,namesilo,,,30/09/2026 04:49
3843a21d-3419-4176-8dd5-765fe3695e9c,hallowmas.wedding,available,32.49,32.49,medium,low,9,namesilo,,,18/09/2026 09:30
33e50c7b-6c14-4a77-9127-66014dffef1c,stereotypes.wedding,available,26.08,26.08,medium,low,11,spaceship,,,02/10/2026 13:30
112fb7d5-b9a0-42a4-b190-4ff6f5eeb68b,wenatchee.wedding,available,32.49,32.49,medium,low,9,namesilo,,,02/10/2026 01:11
fe475c46-59ed-42dd-a1a4-d96cc66078fe,claw.wedding,available,32.49,32.49,high,high,4,namesilo,,,24/09/2026 15:21
36ebd34e-a342-42b1-8993-b07eab601ab3,enacted.wedding,available,25.2,25.2,medium,low,7,cloudflare,,,01/10/2026 15:52
dd89304a-12c7-45fc-b1b1-f6e043068c4a,foremost.wedding,available,32.49,32.49,high,medium,8,namesilo,,,18/08/2026 05:18
86923d68-2d75-49b2-ad65-42083f9fe5dc,forked.wedding,available,33.98,43.98,high,low,6,namecheap,,,09/08/2026 20:14
04bde270-4d64-47db-aa5a-33e0e785a84b,msdos.wedding,available,25.2,25.2,high,low,6,cloudflare,,,02/10/2026 16:07
d403c335-5425-4ca1-8a7b-540b3bf203d8,forsyth.wedding,available,26.08,26.08,high,low,7,spaceship,,,27/09/2026 21:08
5d92ab5e-c029-4ed1-afc2-53a2d7653f54,gig.wedding,premium,512,29.5,high,low,3,namesilo,,,28/09/2026 05:44
bac5b33d-7bbb-44cf-bf37-f295afedb76f,reinforce.wedding,available,26.08,26.08,high,low,9,spaceship,,,29/09/2026 20:46
a695612e-a5e0-4a36-9048-d4657496173d,ploy.wedding,available,33.98,43.98,high,low,4,namecheap,,,02/10/2026 15:26
3478e152-e42a-4adc-9eb0-b44c0aa158c1,caspar.wedding,available,32.49,32.49,medium,low,6,namesilo,,,29/09/2026 06:16
0a452adb-2a53-4a15-bd79-310eb1f5664e,trollop.wedding,available,33.98,43.98,medium,low,7,namecheap,,,17/09/2026 10:23
346cdf6e-12a6-4559-9a42-0e32fe3526ec,anecdotist.wedding,available,32.49,32.49,medium,low,10,namesilo,,,19/09/2026 05:08
0ef4cdd8-e449-4c2c-bf34-2dfcdcac2f73,surefooted.wedding,available,32.49,32.49,high,low,10,namesilo,,,18/08/2026 10:50
91039abd-6724-4270-9f2e-0e3d3d08a6d4,residential.wedding,premium,242,29.5,high,low,11,namesilo,,,29/09/2026 03:03
e143df56-fa79-47c3-be5f-501fe9bb8c76,relied.wedding,available,32.49,32.49,medium,low,6,namesilo,,,20/09/2026 05:00
75311a0b-f884-49a8-a4eb-b7b4bcfc5634,brusk.wedding,available,32.49,32.49,medium,low,5,namesilo,,,11/08/2026 07:03
12bdd34f-afbd-47d4-858e-d379b561189b,rale.wedding,available,32.49,32.49,high,medium,4,namesilo,,,09/09/2026 10:37
4d0a6c6f-d79e-42c4-8137-0f054710b6f3,abingdon.wedding,available,26.97,26.97,medium,low,8,dynadot,,,28/09/2026 22:10
e91723e1-31e7-4dbb-a60d-871e46e55122,legislation.wedding,available,32.49,32.49,high,low,11,namesilo,,,30/09/2026 06:03
91c0265d-fd02-41d1-9331-261bfe084f26,ambulation.wedding,available,32.49,32.49,medium,low,10,namesilo,,,18/09/2026 17:29
1ea21eba-b7e9-4562-ba5e-7732499c3245,blackboard.wedding,available,32.49,32.49,high,low,10,namesilo,,,24/09/2026 02:09
8ec7a69b-15b7-4835-934b-42a431fc8304,willingness.wedding,available,26.08,26.08,high,low,11,spaceship,,,02/10/2026 23:20
058705f6-bc0e-4889-91b8-93100d09d135,pico.wedding,available,32.49,32.49,high,medium,4,namesilo,,,02/10/2026 08:31
b029e546-506a-4759-a6a5-10b2e705a0fb,butter.wedding,available,32.49,32.49,high,low,6,namesilo,,,29/09/2026 05:32
09ba535d-5271-40fb-b6f4-d75b88b9fb60,balls.wedding,available,26.97,26.97,high,low,5,dynadot,,,01/10/2026 19:31
c4b5e9a5-a6fa-4e34-824a-c34e0d1e68e6,multiple.wedding,available,32.49,32.49,high,low,8,namesilo,,,25/09/2026 22:06
77ec4b5f-02f0-44f6-bbaa-32286c88f197,cemetery.wedding,available,32.49,32.49,high,low,8,namesilo,,,27/09/2026 12:06
4f5ef4c4-bcc7-42c1-814f-8d687926f4c5,regiments.wedding,available,25.2,25.2,medium,low,9,cloudflare,,,02/10/2026 22:16
4d6e9e29-360c-4b36-b55b-828347357382,francisca.wedding,available,26.97,26.97,high,low,9,dynadot,,,02/10/2026 06:32
9b84c2d4-2b52-49e6-8a96-6518e693f4ae,percival.wedding,available,26.08,26.08,high,low,8,spaceship,,,28/09/2026 16:27
3a60b2f5-e12d-4237-a43a-48b507a6826c,toulouse.wedding,premium,47.2,29.5,high,low,8,namesilo,,,27/09/2026 05:47
1a5106cb-0948-4a94-bc6d-8691ff9d2783,emmanuel.wedding,available,33.98,43.98,high,low,8,namecheap,,,27/09/2026 03:07
40e37f08-7d00-4efc-a142-1e9451a47f60,prandial.wedding,available,32.49,32.49,high,medium,8,namesilo,,,09/09/2026 01:04
19aff025-04b7-43c5-941d-248c86b8bba8,remind.wedding,available,46.99,46.99,high,low,6,name.com,,,24/09/2026 20:14
01c3c18a-7c77-4bec-a0a6-f69ad8e813fd,avoid.wedding,available,32.49,32.49,high,low,5,namesilo,,,13/09/2026 06:44
9383d0b8-4880-4395-bdcb-ae5f688dc15b,kenosha.wedding,available,33.98,43.98,medium,low,7,namecheap,,,29/09/2026 15:54
7c971752-50a6-4649-a8a7-10765f047f4d,pope.wedding,premium,88,26.97,high,low,4,dynadot,,,28/09/2026 20:19
4266332c-629e-47e5-b61b-01ba83f28f55,sheetlike.wedding,available,32.49,32.49,high,medium,9,namesilo,,,10/09/2026 06:21
01291ac7-ee82-4acd-9f00-e3848cb4d2cc,renunciant.wedding,available,32.49,32.49,medium,low,10,namesilo,,,09/09/2026 14:23
7c0ef499-75b1-49d6-99d1-88f36fbc73d0,assistance.wedding,available,32.49,32.49,high,low,10,namesilo,,,17/09/2026 20:44
8df1a58d-5b96-4fc4-b512-1a0ef4e84cf8,youre.wedding,available,33.98,43.98,medium,low,5,namecheap,,,02/10/2026 04:15
2639a34c-2c53-46f8-9b96-c099ca93c293,catenulate.wedding,available,33.98,43.98,medium,low,10,namecheap,,,11/08/2026 21:32
8d93886c-e9ae-4724-b86b-1a8d95edcd4a,forfeit.wedding,available,33.98,43.98,high,low,7,namecheap,,,12/08/2026 21:00
766f01e6-f490-4bdb-a6c7-67c25b13f93d,spongy.wedding,available,32.49,32.49,medium,low,6,namesilo,,,10/09/2026 16:24
37cfabdf-0270-4a62-9078-49c6e0ec5fd6,semitropic.wedding,available,32.49,32.49,medium,low,10,namesilo,,,10/09/2026 03:36
cae8df40-d41a-445c-8b50-d041d26b60be,origin.wedding,available,32.49,32.49,high,low,6,namesilo,,,08/09/2026 13:23
9ce16d5f-58f0-4f0c-a94d-ced38d20e844,phantasmal.wedding,available,32.49,32.49,medium,low,10,namesilo,,,06/08/2026 05:33
b565e258-4857-4296-ab13-5f6174a17c2d,address.wedding,premium,41.6,26.08,high,low,7,spaceship,,,01/10/2026 16:50
c5f0e30c-27d8-40c1-96c0-0d0408950669,crosstown.wedding,available,32.49,32.49,medium,low,9,namesilo,,,13/08/2026 08:13
9c6dc452-4921-4345-b02e-ab56fcded7ce,gravitational.wedding,available,32.49,32.49,medium,low,13,namesilo,,,29/09/2026 10:18
15be9a9f-8a26-4c9e-a356-dc1c5ae33997,ministers.wedding,available,26.08,26.08,medium,low,9,spaceship,,,29/09/2026 17:05
e907e5e4-70af-438c-a8a0-65276df89ce9,moot.wedding,available,32.49,32.49,high,low,4,namesilo,,,14/08/2026 00:31
1ce21d24-f3d2-4742-ba91-e2be5d8cada1,demonstration.wedding,available,26.97,26.97,high,low,13,dynadot,,,03/10/2026 01:27
bf817c55-e72b-41c5-892d-466e580b643f,endoergic.wedding,available,32.49,32.49,medium,low,9,namesilo,,,17/08/2026 01:08
97c359b4-2596-44f8-8940-e62bfb4802f1,crusader.wedding,available,32.49,32.49,high,medium,8,namesilo,,,09/09/2026 12:45
2f916856-a146-4376-a3b2-14098fc4169f,athanasius.wedding,available,33.98,43.98,medium,low,10,namecheap,,,20/09/2026 20:26
dacf2893-ce45-4465-b03b-a51d965f963b,gregory.wedding,available,33.98,43.98,high,low,7,namecheap,,,19/09/2026 06:00
86105c6c-798e-4431-91b3-cbd8ad71061c,goal.wedding,available,33.98,43.98,high,low,4,namecheap,,,29/09/2026 14:09
7ac7eb76-0caa-453a-9cb3-f93e72e0563f,spectacled.wedding,available,32.49,32.49,medium,low,10,namesilo,,,09/08/2026 17:20
34d28f61-fb77-4091-8600-49f11d531a23,imposition.wedding,available,26.08,26.08,medium,low,10,spaceship,,,02/10/2026 05:23
f2c1d8e1-a0a2-4b3b-b42c-38ea091e3612,absurdly.wedding,available,32.49,32.49,medium,low,8,namesilo,,,13/09/2026 16:46
da799fd0-eb29-4e2b-88f1-18b7df02a598,sciolist.wedding,available,32.49,32.49,medium,low,8,namesilo,,,14/08/2026 07:43
a7d9763b-3297-48af-ad93-47c9349a1581,baboon.wedding,available,32.49,32.49,high,low,6,namesilo,,,21/09/2026 12:58
f04e2bd7-1fb5-4ff1-8646-549623731ce5,npr.wedding,premium,41.6,26.08,high,low,3,spaceship,,,28/09/2026 07:36
14d71ee2-7439-4247-892b-76c9ef80543f,beethoven.wedding,available,32.49,32.49,high,low,9,namesilo,,,23/09/2026 01:53
891c2a15-1449-4a2e-a19b-d0522fa037f9,coexistent.wedding,available,32.49,32.49,medium,low,10,namesilo,,,12/08/2026 15:30
24e1d3f5-cf5a-46cf-b68c-007e80868d7a,deplorable.wedding,available,33.98,43.98,medium,low,10,namecheap,,,12/08/2026 20:22
430b6d31-c360-479f-83b0-79656fb9c304,vaughn.wedding,available,32.49,32.49,high,low,6,namesilo,,,27/09/2026 11:16
eda058e6-18ad-48f6-b92f-ee9d4c948547,rampant.wedding,available,32.49,32.49,high,medium,7,namesilo,,,09/09/2026 10:11
5a35a96e-5209-4b9c-88bb-3950be2c4f44,watermelon.wedding,available,26.08,26.08,high,low,10,spaceship,,,29/09/2026 09:31
13b9918d-e113-4e81-adfc-d38a6f99c532,chapstick.wedding,available,32.49,32.49,high,low,9,namesilo,,,
44b3f44a-ab1b-431c-9b6b-02ac9beae6d7,arborvitae.wedding,available,32.49,32.49,medium,low,10,namesilo,,,20/09/2026 00:54
3e3d2bb7-1ac6-4a1b-b990-99b55f0c6322,ortega.wedding,available,26.08,26.08,medium,low,6,spaceship,,,28/09/2026 05:29
99b708f3-dff1-4cab-b37d-bce362d6db98,nana.wedding,available,25.2,25.2,high,low,4,cloudflare,,,01/10/2026 01:36
2d9b2512-295b-4a7b-8570-73f8c46655f7,keenness.wedding,available,33.98,43.98,high,low,8,namecheap,,,21/09/2026 09:30
51d0d8df-b121-4ee5-89ba-b764e262054d,practically.wedding,available,32.49,32.49,medium,low,11,namesilo,,,25/09/2026 11:39
c1a26c96-2cf1-4582-8880-72ed6aa55d0f,lachrymal.wedding,available,33.98,43.98,medium,low,9,namecheap,,,22/08/2026 17:59
902bb7a1-04f4-4eed-9e51-8176622534ec,pedagogic.wedding,available,32.49,32.49,medium,low,9,namesilo,,,08/09/2026 12:15
a1f5f573-8991-4ee3-8075-d6d883299f5f,surpass.wedding,available,26.08,26.08,high,low,7,spaceship,,,02/10/2026 05:59
b883a37c-22b0-4c6a-b489-b757436146ec,nikolai.wedding,available,25.2,25.2,high,low,7,cloudflare,,,27/09/2026 20:11
6893a1c6-8706-409d-b988-4ddd30d65c8a,jug.wedding,premium,512,29.5,high,low,3,namesilo,,,29/09/2026 12:28
8e77b5e6-658a-47b7-8165-8d0dd2341e05,victuals.wedding,available,33.98,43.98,medium,low,8,namecheap,,,12/08/2026 18:52
82cd5119-e3a2-438c-825e-40935bbc28a4,armoured.wedding,available,33.98,43.98,medium,low,8,namecheap,,,06/08/2026 20:10
8900ab15-617a-4a24-9a14-703bfe841886,sula.wedding,available,33.98,43.98,high,low,4,namecheap,,,03/10/2026 00:56
244406b0-9f88-44e9-8764-9493fbe2d9b5,craggy.wedding,available,32.49,32.49,medium,low,6,namesilo,,,13/08/2026 04:44
9474253e-774a-471c-bbae-6e9047520640,shall.wedding,available,26.97,26.97,high,low,5,dynadot,,,03/10/2026 04:51
fb5aebcc-b6ea-498e-89bf-30e08f78762d,counter.wedding,available,26.08,26.08,high,low,7,spaceship,,,01/10/2026 17:51
97b5bc90-2368-41c6-a0a7-3cabc56c17ee,usable.wedding,available,32.49,32.49,high,low,6,namesilo,,,12/09/2026 23:59
d150183c-77e9-4fef-8e94-860e27dd28fb,parrish.wedding,available,25.2,25.2,medium,low,7,cloudflare,,,28/09/2026 14:51
2fee5813-260c-4a25-b2e5-b146744083ce,truman.wedding,available,26.08,26.08,medium,low,6,spaceship,,,28/09/2026 10:00
53375bd6-69e8-44df-9f2e-e085864810d8,minatory.wedding,available,33.98,43.98,low,low,8,namecheap,,,24/08/2026 19:58
345c00da-3399-403b-b058-995558408857,chariot.wedding,available,32.49,32.49,high,low,7,namesilo,,,29/09/2026 11:53
29c7b27f-95a4-46b7-ae56-997dacba5442,pegged.wedding,available,26.97,26.97,medium,low,6,dynadot,,,30/09/2026 16:20
0da9510e-7e88-4158-bc84-44cd6d8ec0fc,provo.wedding,premium,,,high,low,5,,,,29/09/2026 01:55
54938be4-7fd7-4ab4-b072-6b37c41e3520,fees.wedding,available,32.49,32.49,high,low,4,namesilo,,,
4ece51b0-70ec-43dc-8740-67f743420d29,salaries.wedding,available,26.08,26.08,medium,low,8,spaceship,,,30/09/2026 07:09
62443f26-166f-417d-83ca-859efc11c55d,ness.wedding,available,32.49,32.49,high,low,4,namesilo,,,29/09/2026 11:51
a8ad1c41-758e-4d99-9769-7d01c447369c,hunters.wedding,available,33.98,43.98,medium,low,7,namecheap,,,28/09/2026 08:39
5f46234c-b105-48be-a22f-f352adb275a5,uttered.wedding,available,32.49,32.49,medium,low,7,namesilo,,,17/08/2026 18:44
06f6f5de-ce88-494f-801d-199ff5af99ee,arietta.wedding,available,33.98,43.98,high,low,7,namecheap,,,20/09/2026 05:25
6a6b8b30-5d5c-48ba-90f5-b496062c5734,weaponry.wedding,available,32.49,32.49,medium,low,8,namesilo,,,20/09/2026 07:43
db88789f-ac77-4c6e-8aa3-8be35a2b8d53,circumstance.wedding,available,32.49,32.49,high,low,12,namesilo,,,29/09/2026 08:31
684564d4-bd69-495f-92f1-f130c3306bef,suety.wedding,available,32.49,32.49,low,low,5,namesilo,,,11/09/2026 01:08
86a4fda1-2233-43b1-adfa-f8d3cb01fbf4,boccaccio.wedding,available,26.08,26.08,high,low,9,spaceship,,,02/10/2026 14:24
061b8480-3246-455f-a68d-4d0e377285aa,yitzhak.wedding,available,26.08,26.08,medium,low,7,spaceship,,,01/10/2026 23:38
29c2740c-8778-4f05-b6ae-9d45409782ad,courthouse.wedding,resell,,,medium,low,10,,,,28/09/2026 09:28
40419713-50e0-4643-9ac6-8a629f2a7afc,shirts.wedding,available,32.49,32.49,medium,low,6,namesilo,,,27/09/2026 11:13
e43cbb87-6787-4685-8ae7-685fa8432c62,rubus.wedding,available,26.08,26.08,high,low,5,spaceship,,,02/10/2026 05:02
82a626e9-7b33-47b9-a573-d25e18f79f76,cults.wedding,available,26.08,26.08,medium,low,5,spaceship,,,03/10/2026 04:21
b7952109-36ec-40bb-9054-91c84440db98,unabridged.wedding,available,32.49,32.49,high,low,10,namesilo,,,11/09/2026 23:28
2c7df485-1934-4248-ad41-4a2e2a73a53d,toro.wedding,available,32.49,32.49,high,high,4,namesilo,,,29/09/2026 21:51
b952c2d6-e7ca-4a65-bd23-d59fbc4e5d35,robbed.wedding,available,32.49,32.49,low,low,6,namesilo,,,27/09/2026 02:44
c9732e15-389c-49ab-b815-43d73cfd3797,jubilant.wedding,available,32.49,32.49,high,low,8,namesilo,,,17/08/2026 19:46
4246c14c-5eda-4dc8-845c-9dedeb088d01,normandy.wedding,available,26.26,26.26,medium,low,8,porkbun,,,30/09/2026 05:51
641be28b-b899-46b8-864f-4b1c2d48eaf1,exiguous.wedding,available,32.49,32.49,medium,low,8,namesilo,,,17/08/2026 17:18
d0f4016c-d4ed-4453-aa7f-0a8a6c452e8f,iss.wedding,premium,52,32.5,high,low,3,namecheap,,,27/09/2026 23:32
c8d586bd-9795-48dc-9b5a-a07636c4b3e0,churning.wedding,available,32.49,32.49,medium,low,8,namesilo,,,12/08/2026 07:51
fbed5087-c69e-46e0-abed-53f14da0267e,favoritism.wedding,available,33.98,43.98,medium,low,10,namecheap,,,24/09/2026 22:35
0dc0df75-e89e-4466-8b38-63254a51eb51,hides.wedding,available,32.49,32.49,medium,low,5,namesilo,,,18/09/2026 23:59
a9e80240-4bbc-429a-ba14-ae220a79c78c,cwa.wedding,premium,47.2,29.5,medium,low,3,namesilo,,,29/09/2026 22:10
777eebab-7351-4913-83fb-4bc00467f9c7,winning.wedding,premium,47.2,29.5,high,low,7,namesilo,,,24/09/2026 17:37
b487f959-af06-49c6-9dac-1d8de6329f43,antennae.wedding,available,25.2,25.2,medium,low,8,cloudflare,,,02/10/2026 21:36
05416301-75af-480a-97f2-ccf26096c07f,donated.wedding,available,26.26,26.26,medium,low,7,porkbun,,,29/09/2026 00:11
2b620d50-0e1e-4adc-9e8e-4d383101d425,legislative.wedding,available,26.08,26.08,high,low,11,spaceship,,,01/10/2026 07:23
044ac891-7ff0-412b-b040-f459b99d12fe,carboxyl.wedding,available,32.49,32.49,medium,low,8,namesilo,,,11/08/2026 18:44
e6f1f417-e8b0-44d8-8f29-63e7ec9f2def,aggressor.wedding,available,32.49,32.49,medium,low,9,namesilo,,,17/09/2026 17:41
e775d48c-6410-4ef6-a032-823563b3e14d,angel.wedding,premium,220,26.97,high,medium,5,dynadot,,,28/09/2026 21:23
283ae448-54ae-4d07-b155-29e84e188a9a,hostelry.wedding,available,32.49,32.49,medium,low,8,namesilo,,,21/09/2026 02:26
0735cecf-fbd1-4742-b41f-331dda0a338e,advection.wedding,available,32.49,32.49,medium,low,9,namesilo,,,17/09/2026 10:31
77357c18-a977-483d-8f6b-e20794969ac4,mailman.wedding,available,33.98,43.98,high,low,7,namecheap,,,02/10/2026 15:56
ca222325-cf75-4401-8195-34bd352d34c9,spiffy.wedding,available,46.99,46.99,high,low,6,name.com,,,13/08/2026 17:36
dd2ce8d1-e824-4ff5-bdd1-e3452ef78dbb,kira.wedding,available,26.08,26.08,high,low,4,spaceship,,,01/10/2026 06:42
56347b10-6ae4-4d57-a5be-7af6cdb73ed8,election.wedding,available,26.08,26.08,high,low,8,spaceship,,,29/09/2026 17:51
aac53247-bf77-45f7-8450-ddf4733da682,graves.wedding,available,26.97,26.97,high,low,6,dynadot,,,28/09/2026 05:52
ddb7952a-85b1-4291-8adf-83d3f1ed7e75,vincennes.wedding,available,26.08,26.08,medium,low,9,spaceship,,,28/09/2026 22:26
ce192623-da28-4522-890e-9de90567f943,ding.wedding,available,26.08,26.08,medium,low,4,spaceship,,,28/09/2026 14:30
daecd7af-d06a-458f-9893-9671039f9fc2,nominee.wedding,available,26.97,26.97,high,low,7,dynadot,,,29/09/2026 06:17
5dda278b-c887-41ae-bb65-99cc99706ddb,ping.wedding,premium,,,high,high,4,,,,28/09/2026 20:11
e5d4f759-28c6-4e87-aae2-b5298efba97b,tracker.wedding,available,32.49,32.49,high,low,7,namesilo,,,30/09/2026 03:03
213c8734-c354-410e-9ac5-de109248a65a,omb.wedding,premium,52,32.5,medium,low,3,namecheap,,,29/09/2026 19:51
ccf5350b-6609-4289-a7c0-7be4334a3c80,nan.wedding,premium,44,26.97,high,low,3,dynadot,,,29/09/2026 21:19
072d431f-54f8-4502-ad67-0678278bea4c,ocr.wedding,premium,,,high,low,3,,,,02/10/2026 06:47
864fe2aa-145f-4320-9705-477b4da30669,urbanism.wedding,available,26.08,26.08,high,low,8,spaceship,,,02/10/2026 21:09
62eee5ea-fb5d-4f04-a431-3427bf5c2917,gambian.wedding,available,32.49,32.49,medium,low,7,namesilo,,,18/08/2026 19:48
1d4990c7-980e-47e4-ba1d-591a04bc67fb,dnr.wedding,premium,41.6,26.08,high,low,3,spaceship,,,02/10/2026 08:32
f2c54993-1de2-4b3a-b353-7edd50b96e16,saprozoic.wedding,available,33.98,43.98,high,medium,9,namecheap,,,09/09/2026 21:25
d2c1eade-f4c5-4ac0-8ba5-f21adb4319c2,averaging.wedding,available,26.08,26.08,high,low,9,spaceship,,,03/10/2026 03:36
03db5010-0bb8-4713-b45b-e2ec17aa23ee,paraplegic.wedding,available,32.49,32.49,medium,low,10,namesilo,,,08/09/2026 01:10
38b41477-2787-41c8-a394-a7d05df937f4,decorating.wedding,premium,83,26.08,high,low,10,spaceship,,,30/09/2026 04:09
294cec34-f43a-4510-a234-b9ba43448f57,gautama.wedding,available,32.49,32.49,medium,low,7,namesilo,,,02/10/2026 14:29
b8750b91-8c2b-4c25-a828-d57d3dde7bb9,swarthy.wedding,available,32.49,32.49,medium,low,7,namesilo,,,11/09/2026 05:25
6bc61ab9-4e19-4b04-92a7-def0ca00093f,grc.wedding,premium,52,32.5,high,low,3,namecheap,,,02/10/2026 18:32
71d24c37-fc9c-4f50-9c77-f99520ed4878,overriding.wedding,available,32.49,32.49,high,low,10,namesilo,,,04/09/2026 21:39
df1b2979-38ae-41dd-8f33-6f8582ac366c,sideway.wedding,available,32.49,32.49,high,medium,7,namesilo,,,10/09/2026 07:47
e6161843-7b55-4adf-a4bc-bde9acbd7a02,costly.wedding,available,32.49,32.49,high,low,6,namesilo,,,24/09/2026 00:19
7d848585-7d32-4ded-9f7f-12381fb208a2,gip.wedding,premium,47.2,29.5,medium,low,3,namesilo,,,14/09/2026 08:07
a85de126-dfba-4617-a5b2-c5d5d8a4558a,cheese.wedding,available,32.49,32.49,high,low,6,namesilo,,,01/10/2026 21:12
c44677f9-ac0f-43fc-a72b-a9c5c95c8346,merging.wedding,available,32.49,32.49,high,low,7,namesilo,,,24/08/2026 20:43
9ea508de-dbe1-4787-8259-538490afa816,brno.wedding,available,25.2,25.2,medium,low,4,cloudflare,,,29/09/2026 18:06
e3e9dc02-eeec-47f0-81e5-eb81606cf1c3,portholes.wedding,available,32.49,32.49,low,low,9,namesilo,,,19/09/2026 21:54
236bd1f2-efd6-4e08-a3ea-157a6894ec16,curie.wedding,available,32.49,32.49,high,low,5,namesilo,,,12/08/2026 08:00
d60d5300-c8d8-4dfa-9782-ebdb3b72ca6f,amos.wedding,premium,47.2,29.5,high,low,4,namesilo,,,18/09/2026 22:51
ab0dd299-56a3-4391-abdd-2b9e7a16b0cb,bowfront.wedding,available,32.49,32.49,high,medium,8,namesilo,,,10/08/2026 23:19
1fb46f77-b831-4dff-9d26-ac261bdc5a8f,tangy.wedding,available,32.49,32.49,high,low,5,namesilo,,,22/08/2026 23:32
38d0ce47-1643-4a48-9dce-c6c9fa18d65a,gracefully.wedding,available,32.49,32.49,high,low,10,namesilo,,,14/09/2026 21:54
f4436697-db4c-403d-80a7-1feee6babb6c,mouldings.wedding,available,26.08,26.08,medium,low,9,spaceship,,,02/10/2026 13:33
ba36b1e8-c3bd-4c0d-982d-c951190e4446,sevier.wedding,available,32.49,32.49,high,low,6,namesilo,,,30/09/2026 05:37
ed5a6619-c109-4c53-a934-739fc7fa5aea,anita.wedding,available,32.49,32.49,high,low,5,namesilo,,,25/09/2026 15:32
ac257594-5ed6-4875-b2ac-4b9b235c228a,shelters.wedding,available,32.49,32.49,high,low,8,namesilo,,,20/09/2026 23:17
59681e77-5fac-4e82-a7a9-078ff1438fa8,hanukkah.wedding,available,33.98,43.98,high,low,8,namecheap,,,29/09/2026 08:04
d11ab7a7-ab29-47a2-9881-fa2b6216d590,monocytes.wedding,available,26.97,26.97,low,low,9,dynadot,,,02/10/2026 13:53
606cf0c0-b5a8-4c6b-9ffb-00d591d13c44,organizations.wedding,available,32.49,32.49,medium,low,13,namesilo,,,02/10/2026 22:10
8f40606f-0297-43fd-9449-2102a2013d7a,brewer.wedding,available,32.49,32.49,high,low,6,namesilo,,,23/09/2026 01:41
891f64e6-9ff1-4904-8b68-711706e2a12f,kandy.wedding,available,26.08,26.08,high,low,5,spaceship,,,02/10/2026 05:33
a1e7ae3e-48c9-4977-acf6-97322072dc1f,realty.wedding,available,33.98,43.98,high,low,6,namecheap,,,21/08/2026 21:24
beae6150-4524-458e-bd55-d7c1b0d01238,residuum.wedding,available,32.49,32.49,medium,low,8,namesilo,,,09/09/2026 15:07
b1d474e1-0325-4070-807d-012f355b4ba0,pea.wedding,premium,512,29.5,medium,low,3,namesilo,,,28/09/2026 15:03
eff064e8-9460-4df2-a699-3f2d7567f99f,pinstriped.wedding,available,33.98,43.98,high,medium,10,namecheap,,,08/09/2026 19:51
def13fac-6edf-4765-b3d6-de10e7ff77f2,purr.wedding,available,33.98,43.98,high,low,4,namecheap,,,23/09/2026 20:53
67e0eacc-0904-4c2f-8ce4-3e2479701e3a,climax.wedding,available,32.49,32.49,high,low,6,namesilo,,,24/09/2026 15:38
1568f051-f2a7-4611-8cd9-03c7f3cc2e15,addendum.wedding,available,32.49,32.49,high,low,8,namesilo,,,17/09/2026 06:41
0cff4cfc-9cc4-40c1-9740-f3b17387c8f4,basra.wedding,available,32.49,32.49,medium,low,5,namesilo,,,22/09/2026 10:33
a2ac2e0a-8508-404b-a606-cc9c3ac3233e,refusing.wedding,available,32.49,32.49,low,low,8,namesilo,,,17/09/2026 15:40
f405160e-88f8-40ca-82f3-2d5521b3c61a,katherine.wedding,available,32.49,32.49,high,low,9,namesilo,,,28/09/2026 03:49
53d0deaa-2573-4c33-9d6c-873d248b7f5a,pieces.wedding,available,33.98,43.98,medium,low,6,namecheap,,,17/09/2026 19:58
2805c919-e65b-4cbd-a0dd-cc0017659159,tiananmen.wedding,available,25.2,25.2,medium,low,9,cloudflare,,,01/10/2026 12:23
ba17baeb-88e2-40b2-8a38-ff5de2ed0cfd,beekeeper.wedding,available,32.49,32.49,high,low,9,namesilo,,,19/09/2026 17:19
9150b555-470f-4ed3-aad5-46f29d5ba2a2,malden.wedding,available,26.26,26.26,medium,low,6,porkbun,,,29/09/2026 15:07
8b8693e5-0dfd-4950-9cc3-2ec2f08e14ee,lucrative.wedding,available,33.98,43.98,high,low,9,namecheap,,,25/09/2026 15:34
d411e869-9931-4c23-94c5-1834a89ff6c3,bondi.wedding,available,32.49,32.49,high,low,5,namesilo,,,03/10/2026 04:40
41cb9fd9-9d5a-400c-ac24-9fbffa6e363f,rita.wedding,available,33.98,43.98,high,low,4,namecheap,,,25/09/2026 19:01
b27f07db-ba8d-45d9-9e8a-015aca917819,jog.wedding,premium,414.2,26.08,high,low,3,spaceship,,,30/09/2026 17:44
64267ac5-a281-408e-a28d-b7ba94e3e708,nobleman.wedding,available,33.98,43.98,high,low,8,namecheap,,,03/09/2026 18:00
9bfdf44b-67de-443d-9abe-5abb98ab9b84,cushy.wedding,available,32.49,32.49,high,low,5,namesilo,,,13/08/2026 11:58
4a727d68-b90e-4a30-9247-9b28abf864a4,aiai.wedding,available,32.49,32.49,high,low,4,namesilo,,,17/09/2026 20:43
63ac838e-fea9-424b-847d-db3a8ac57fc4,mcm.wedding,premium,,,high,medium,3,,,,02/10/2026 02:26
d96d4974-5334-4567-857b-a69105f091d4,underdog.wedding,available,32.49,32.49,high,low,8,namesilo,,,02/10/2026 06:35
fd980d66-39e5-414b-8a08-8b9f11ff4aea,foliated.wedding,available,32.49,32.49,medium,low,8,namesilo,,,08/09/2026 09:20
aab567ab-2960-45ff-b1ad-0ac3b6029412,hosts.wedding,available,32.49,32.49,high,low,5,namesilo,,,18/09/2026 22:23
d1b125b9-3ac1-4c72-b41f-b872a4557b9d,tombstone.wedding,premium,52,32.5,high,low,9,namecheap,,,29/09/2026 12:58
614fd225-dbb5-4ca2-8a8c-28d1e8b6a8b7,dahl.wedding,available,32.49,32.49,medium,low,4,namesilo,,,28/09/2026 09:14
0d807297-1299-4c88-9bb9-78ff61e1f9cf,brilliantly.wedding,available,26.97,26.97,high,low,11,dynadot,,,29/09/2026 21:24
e80bb30e-d95a-4fd6-a9ec-5606a99086db,induced.wedding,available,32.49,32.49,high,low,7,namesilo,,,22/08/2026 03:27
c22ca3fb-6718-48bc-8fe8-a631a0c240c9,stealthy.wedding,available,33.98,43.98,medium,low,8,namecheap,,,18/08/2026 19:00
4ea2caef-c60b-45d0-a198-7a9db7559a9f,poet.wedding,available,32.49,32.49,high,low,4,namesilo,,,27/09/2026 05:01
3abd2b5d-5caa-4e76-be11-7d197617f895,reset.wedding,available,26.08,26.08,high,high,5,spaceship,,,30/09/2026 09:54
a2f5ebb0-98e1-4e84-bc46-37d766e5d9a5,warn.wedding,available,25.2,25.2,high,low,4,cloudflare,,,28/09/2026 03:18
abf339b5-3d12-4093-be56-54942a734d55,unshoed.wedding,available,33.98,43.98,low,low,7,namecheap,,,12/09/2026 19:51
06b4fc56-0e28-4977-8d62-fe60ac24b856,typically.wedding,available,25.2,25.2,medium,low,9,cloudflare,,,28/09/2026 17:10
637f987c-52ef-4269-ac92-8e46622606ef,blushing.wedding,available,26.08,26.08,high,low,8,spaceship,,,02/10/2026 07:03
b9487887-fc4c-4474-89b6-bacb3c524597,cir.wedding,premium,47.2,29.5,high,low,3,namesilo,,,29/09/2026 09:07
81c0d268-046f-4bb2-9f50-a446718cb591,twenty.wedding,available,32.49,32.49,high,low,6,namesilo,,,21/09/2026 12:24
0040751e-fbd7-4b10-a8c9-a9843c440dc7,decayed.wedding,available,33.98,43.98,medium,low,7,namecheap,,,13/08/2026 20:59
f48521f9-a991-43bc-b058-5606bc684d44,guile.wedding,available,32.49,32.49,medium,low,5,namesilo,,,13/08/2026 10:41
f3142d36-871f-4e2c-8897-bf98680ff009,balanced.wedding,available,32.49,32.49,high,low,8,namesilo,,,29/09/2026 16:30
04392ab8-3ce3-45ca-be78-0ffc61e1f7e5,geriatric.wedding,available,32.49,32.49,medium,low,9,namesilo,,,18/08/2026 22:42
d9737833-2dcb-4d7b-a183-9267c748199f,leblanc.wedding,available,32.49,32.49,high,low,7,namesilo,,,29/09/2026 15:54
915ca920-d764-4b2c-9d49-3e0ac7d10387,prisoners.wedding,available,33.98,43.98,medium,low,9,namecheap,,,25/09/2026 20:27
9f32911c-3665-40ca-ad47-4ce2062ed4c5,divas.wedding,available,32.49,32.49,medium,low,5,namesilo,,,20/09/2026 06:21
f861e3ce-e8a9-4f5a-90ad-aff20fcd2b20,clubby.wedding,available,32.49,32.49,medium,low,6,namesilo,,,12/08/2026 11:19
6ac04aba-2320-48bb-af8d-f6361de94fac,glinting.wedding,available,32.49,32.49,medium,low,8,namesilo,,,
f27f4596-6023-47dd-a71f-542c0deb1b6e,boland.wedding,available,25.2,25.2,medium,low,6,cloudflare,,,29/09/2026 04:35
49ccf015-7edd-415d-9f07-021ade810435,stripped.wedding,available,32.49,32.49,medium,low,8,namesilo,,,10/09/2026 22:48
99bfb43b-1484-4305-9c65-07e0abbe090c,vineyard.wedding,available,26.26,26.26,high,low,8,porkbun,,,28/09/2026 20:44
d7c5a08b-559f-433b-8cad-7aee15a2bb13,apoapsis.wedding,available,33.98,43.98,medium,low,8,namecheap,,,19/09/2026 18:07
c238e8a4-78fc-4bc0-9f59-58f09cc3dbbf,bellwether.wedding,available,32.49,32.49,high,low,10,namesilo,,,23/09/2026 06:30
fe8af34d-e292-4eb5-bdab-6ff8e60f1dd7,trigonal.wedding,available,32.49,32.49,medium,low,8,namesilo,,,09/09/2026 16:45
487429e9-3761-4862-b8f1-75d6b746a6ed,norma.wedding,available,25.2,25.2,high,low,5,cloudflare,,,28/09/2026 14:58
d8b5f046-23bf-4831-bf47-f7e4206346ac,petersburg.wedding,available,32.49,32.49,medium,low,10,namesilo,,,29/09/2026 07:52
056ab5f2-3130-4bc8-8965-911b5792798e,charcot.wedding,available,26.08,26.08,medium,low,7,spaceship,,,02/10/2026 23:56
bb9a740d-eb2b-4e10-bfc8-63f60dcce019,oldest.wedding,available,26.97,26.97,high,low,6,dynadot,,,01/10/2026 19:28
bedfc3a2-ec35-4a6e-b157-8cc650f87e51,backbone.wedding,available,26.08,26.08,high,low,9,spaceship,,,02/10/2026 19:10
2aba308a-f951-4587-8a10-2f7025bca6fd,wendell.wedding,available,26.08,26.08,medium,low,7,spaceship,,,27/09/2026 20:17
82254ad2-36dc-4260-9b92-537cb408338f,bias.wedding,available,32.49,32.49,medium,low,4,namesilo,,,09/08/2026 18:35
4a6d59c0-5bbe-4535-9c24-8952de7b484d,ulf.wedding,premium,47.2,29.5,high,low,3,namesilo,,,02/10/2026 07:49
747593b0-5295-41ad-b30f-7275efb024df,northumbria.wedding,available,26.08,26.08,medium,low,11,spaceship,,,01/10/2026 23:59
ba74bfac-e814-4f6f-b56f-a091ace880c2,runty.wedding,available,33.98,43.98,high,medium,5,namecheap,,,08/09/2026 19:54
2f8b125d-efe6-4a82-bc5d-c8ef54eedefc,parasite.wedding,available,25.2,25.2,high,low,8,cloudflare,,,29/09/2026 01:47
902364f7-840c-4862-9064-c817142cebee,platter.wedding,available,32.49,32.49,high,low,7,namesilo,,,29/09/2026 15:14
727517f0-f12e-4a43-9d72-c46a9878c15e,shelling.wedding,available,32.49,32.49,medium,low,8,namesilo,,,22/09/2026 08:00
d7f9d669-d1da-4f4c-98ab-b81a260bc3d7,bidding.wedding,available,32.49,32.49,high,low,7,namesilo,,,23/09/2026 13:29
71d514e4-484f-4a60-8d54-395544e1d11c,expire.wedding,available,26.26,26.26,medium,low,6,porkbun,,,29/09/2026 12:11
885850f3-2caa-4eba-9c8f-6438f2806bea,disposal.wedding,available,32.49,32.49,high,low,8,namesilo,,,17/09/2026 08:43
f61f3c00-cbc6-4229-9cc6-64c000b08e0b,bacca.wedding,available,32.49,32.49,high,low,5,namesilo,,,21/09/2026 13:55
fe7834fb-e03b-4d9a-b792-46b83f3c4f96,flashlight.wedding,available,26.08,26.08,high,low,10,spaceship,,,29/09/2026 06:57
ea68c382-d85d-447b-aa4a-255bdb78a3ec,global.wedding,premium,260,32.5,high,medium,6,namecheap,,,22/09/2026 16:32
1a092faf-5bc4-413e-9d37-e80742e003aa,prize.wedding,premium,47.2,29.5,high,low,5,namesilo,,,12/08/2026 06:35
d9773357-56d5-40f9-94ec-d20f20ba6e22,breakfast.wedding,available,32.49,32.49,high,low,9,namesilo,,,04/09/2026 13:27
1c073660-1c0b-44ba-b5cf-3314222a5f6f,adhocracy.wedding,available,32.49,32.49,medium,low,9,namesilo,,,17/09/2026 08:02
a93cd900-0619-415e-afe6-5f88803f0cca,anpu.wedding,available,32.49,32.49,medium,low,4,namesilo,,,19/09/2026 11:59
b578cf9a-3ead-4179-bf6b-d9b64502822e,consistently.wedding,available,26.97,26.97,high,low,12,dynadot,,,01/10/2026 05:37
aa328b27-beda-4d16-a9b9-ffd9652f354f,ankle.wedding,available,32.49,32.49,high,low,5,namesilo,,,19/09/2026 09:40
d13fb56f-5c5b-4bbe-89e9-29d2651f9a33,ages.wedding,available,32.49,32.49,medium,low,4,namesilo,,,
fcb86bab-4885-4b1f-988e-067de3725690,introduce.wedding,available,25.2,25.2,high,low,9,cloudflare,,,30/09/2026 00:04
484b480e-c7cf-4e41-9656-f711949615b8,quota.wedding,available,26.08,26.08,high,low,5,spaceship,,,29/09/2026 07:55
751e32f3-ed21-4eef-953a-767b808daa76,linnaean.wedding,available,33.98,43.98,medium,low,8,namecheap,,,23/08/2026 16:38
adb07b94-cc3c-48b8-92b9-e1c4d4c83bd1,woodward.wedding,available,25.2,25.2,medium,low,8,cloudflare,,,29/09/2026 06:07
1dcbfe6c-74c5-46d1-8950-eb6f899ef052,ghostly.wedding,available,32.49,32.49,medium,low,7,namesilo,,,06/08/2026 05:28
696e8f4b-b20b-44a5-8980-1a3091f034d8,erotically.wedding,available,32.49,32.49,medium,low,10,namesilo,,,14/09/2026 15:58
6b7426c8-86e4-490b-8eac-6c0fc41d0e89,vespucci.wedding,available,33.98,43.98,high,low,8,namecheap,,,18/09/2026 21:04
366d9ef9-2735-404a-9132-2d2b77636665,contributor.wedding,available,25.2,25.2,high,low,11,cloudflare,,,30/09/2026 19:30
dfd1fb0e-c246-467f-a3d7-c613c17143b2,admirer.wedding,available,33.98,43.98,high,low,7,namecheap,,,17/09/2026 08:56
8af51769-8506-4f76-911b-308d6f83ae90,enchanting.wedding,premium,100,46.99,medium,low,10,name.com,,,09/08/2026 18:21
8a767388-26d5-40a0-b119-35599f8b4aa5,bodily.wedding,available,32.49,32.49,medium,low,6,namesilo,,,10/08/2026 16:52
8adc3d8f-1eea-4a30-9a40-872fbc5bf279,stained.wedding,available,33.98,43.98,medium,low,7,namecheap,,,10/09/2026 18:14
bb287cd7-7334-4125-8959-afb5d8904592,anapest.wedding,available,32.49,32.49,medium,low,7,namesilo,,,19/09/2026 02:04
b09febbb-3bf1-487a-9647-481d90035ba9,brockhouse.wedding,available,32.49,32.49,medium,low,10,namesilo,,,23/09/2026 10:18
a7f506c2-9eaa-47c4-b87e-f35a57726c33,varies.wedding,available,26.08,26.08,medium,low,6,spaceship,,,01/10/2026 14:19
de51fa3e-bad9-4f54-a633-53658e4a0e26,volcano.wedding,premium,41.6,26.08,high,low,7,spaceship,,,30/09/2026 14:35
6f03ba72-4cc7-46fd-9eac-cd216f8f6315,amigo.wedding,available,33.98,43.98,high,low,5,namecheap,,,18/09/2026 21:37
89bf4def-0537-4ccc-a725-5d57ad9bf076,leaps.wedding,available,26.08,26.08,medium,low,5,spaceship,,,02/10/2026 02:47
e8650103-bad7-41c8-9aea-16235e24d7fa,dade.wedding,available,26.26,26.26,medium,low,4,porkbun,,,03/10/2026 03:44
28b19867-5c61-46a5-8d33-92e1b59734d2,destroyed.wedding,available,32.49,32.49,medium,low,9,namesilo,,,24/09/2026 07:01
78aee707-3fe8-45d4-81d4-73102fc45917,reliably.wedding,available,32.49,32.49,high,low,8,namesilo,,,14/09/2026 11:46
9951317c-459c-4f84-a90c-cf084c0b44af,vary.wedding,available,32.49,32.49,high,low,4,namesilo,,,25/09/2026 21:59
94fa4c67-869b-4314-934e-7ca7c9f98155,libertad.wedding,available,26.08,26.08,high,low,8,spaceship,,,01/10/2026 23:36
ed117228-5c84-43b5-aafb-ad6ecf5dac32,hempen.wedding,available,32.49,32.49,medium,low,6,namesilo,,,18/08/2026 03:20
b8444f4b-4b90-4b0d-99dc-f7808c4b0bff,adrenalin.wedding,available,32.49,32.49,high,low,9,namesilo,,,17/09/2026 09:56
9d1c62e2-5dbb-4a67-9b3f-1c6f5a7f3199,clarification.wedding,available,26.08,26.08,medium,low,13,spaceship,,,02/10/2026 01:38
f992667e-6c87-4ee8-bb02-d3016fc6c065,threesome.wedding,available,32.49,32.49,high,low,9,namesilo,,,
bee11676-b4bd-4843-a590-86dcc27f067d,criticism.wedding,available,26.08,26.08,high,low,9,spaceship,,,29/09/2026 12:07
9fb67eeb-ca09-43a2-8a0d-a04baac90aff,deliver.wedding,available,26.08,26.08,high,low,7,spaceship,,,29/09/2026 02:52
900a4c76-4cc2-4bf9-93fd-25ad763e5c53,camps.wedding,available,26.08,26.08,medium,low,5,spaceship,,,28/09/2026 18:04
f2aa9022-4cc1-4d63-ba5d-88311e5b1c58,laptop.wedding,available,26.26,26.26,high,low,6,porkbun,,,30/09/2026 02:07
e4dfb99c-2558-4117-bca9-a7a2c1a6a1f1,corpulent.wedding,available,32.49,32.49,medium,low,9,namesilo,,,13/08/2026 01:57
821bb6d5-05d7-4954-b4d3-5954c26f78f4,violates.wedding,available,26.08,26.08,low,low,8,spaceship,,,02/10/2026 22:34
5f413d1b-2fa4-41fa-b84d-e67141ebe561,happy.wedding,premium,1040,32.5,high,medium,5,namecheap,,,24/09/2026 23:31
ee53200e-7614-4e28-9d8c-f250959c800d,smashed.wedding,available,32.49,32.49,medium,low,7,namesilo,,,09/08/2026 15:50
6d463b75-5e12-4892-b15a-a990c1224918,scalic.wedding,available,32.49,32.49,medium,low,6,namesilo,,,09/09/2026 22:27
f6c9e96f-098e-4f3c-8b47-a5e6a95477e0,gustavus.wedding,available,32.49,32.49,medium,low,8,namesilo,,,29/09/2026 07:07
d33a6dcf-b30a-4ad4-9434-d82ba1e8cccf,lawrenceville.wedding,available,26.08,26.08,medium,low,13,spaceship,,,02/10/2026 00:56
d124adaa-888d-4115-bf8d-1639cae7fbab,getatable.wedding,available,32.49,32.49,medium,low,9,namesilo,,,18/08/2026 23:00
6395f761-f198-4483-835a-9a459723aa14,artless.wedding,available,32.49,32.49,medium,low,7,namesilo,,,06/08/2026 23:47
fe21829b-b0f6-4468-9c22-5e39acd3ccb4,publishing.wedding,available,26.08,26.08,high,low,10,spaceship,,,28/09/2026 06:38
ca6cdeee-bd30-4025-9091-1026d677adb1,nine.wedding,available,32.49,32.49,high,low,4,namesilo,,,21/09/2026 13:23
73d9fa93-8bfa-48cd-9117-5c13ff378fd1,kanagawa.wedding,available,26.97,26.97,medium,low,8,dynadot,,,30/09/2026 05:13
43f2b81d-9c5b-40c3-8ab4-295b02c33ea1,afield.wedding,available,33.98,43.98,medium,low,6,namecheap,,,13/09/2026 17:59
803eefad-ad95-4347-aa22-12cbd88a23ad,hoax.wedding,available,49.99,49.99,high,low,4,godaddy,,,30/09/2026 01:25
e437b5f2-8cea-4129-8ce0-5cd34c2bc992,menopausal.wedding,available,33.98,43.98,medium,low,10,namecheap,,,24/08/2026 20:15
163eab77-8a6b-463a-a90f-107584eb9604,amplifiers.wedding,available,32.49,32.49,medium,low,10,namesilo,,,17/09/2026 07:12
17fa8773-0529-46ed-9b98-0bcc0655b819,heisenberg.wedding,available,26.08,26.08,high,low,10,spaceship,,,30/09/2026 10:06
ca7713ec-f83f-498b-ada3-405616f28550,civilisation.wedding,available,32.49,32.49,high,low,12,namesilo,,,30/09/2026 14:23
91f77c75-ce12-45f7-a952-9e3140f6f2b6,debates.wedding,available,26.08,26.08,medium,low,7,spaceship,,,02/10/2026 02:29
232c15d6-acd0-41e4-b3c3-fbf36dd69c55,methane.wedding,available,26.08,26.08,high,low,7,spaceship,,,29/09/2026 13:25
9fdfcf9d-3c63-454d-a21d-a5c2df299953,appointed.wedding,available,32.49,32.49,medium,low,9,namesilo,,,06/08/2026 07:21
f523ca5d-9378-4529-92a6-ba0ef80908cd,rooney.wedding,available,32.49,32.49,high,low,6,namesilo,,,27/09/2026 07:48
f742b9b0-0063-443c-93cc-093ac2cceceb,macpherson.wedding,available,32.49,32.49,medium,low,10,namesilo,,,28/09/2026 22:18
deb2c072-5680-43bd-9d45-99f5dc606c59,hannover.wedding,available,26.08,26.08,medium,low,8,spaceship,,,29/09/2026 01:14
ac2bd36a-b2d3-4025-9c17-18f7cd38218c,zagreb.wedding,available,32.49,32.49,high,low,6,namesilo,,,28/09/2026 06:54
3c9f5468-78b7-4d2b-9132-0d94a2e12935,leukaemia.wedding,available,32.49,32.49,medium,low,9,namesilo,,,24/09/2026 11:59
6aa85944-be16-45c5-9fa5-74c9cf3d9101,nippy.wedding,available,32.49,32.49,high,low,5,namesilo,,,03/09/2026 17:42
4f9f12b9-4d58-4edc-88c3-253ec942c4ad,storyboards.wedding,available,32.49,32.49,medium,low,11,namesilo,,,20/09/2026 14:39
d6cfc09b-47dd-455e-a4a4-ab61e0f40fde,skeptical.wedding,available,32.49,32.49,medium,low,9,namesilo,,,14/08/2026 09:34
da9a132f-4ec4-4ca8-88e3-5cbbf931da04,innings.wedding,available,32.49,32.49,high,low,7,namesilo,,,02/10/2026 05:24
33406b31-42d2-420c-b26a-4c70879521f7,summerset.wedding,available,32.49,32.49,medium,low,9,namesilo,,,18/08/2026 08:29
c1befcc1-f2ba-46d5-a42f-2c502af6c781,tannish.wedding,available,32.49,32.49,medium,low,7,namesilo,,,11/09/2026 08:03
9a06bd09-62b4-4841-9ed8-b73b5470a5f9,omphalos.wedding,available,33.98,43.98,medium,low,8,namecheap,,,23/09/2026 06:37
98d36d43-e185-4adc-9127-2f54bb2e95c3,mcl.wedding,premium,,,high,low,3,,,,30/09/2026 19:34
c0ed2c94-98ec-483a-ba8c-ee733afdedd6,moustache.wedding,available,26.26,26.26,high,low,9,porkbun,,,30/09/2026 18:05
a1aacd8e-915d-480d-b792-e9505f00a72f,mishap.wedding,available,33.98,43.98,high,low,6,namecheap,,,02/10/2026 16:07
9ac51453-56d0-4fc4-9b83-e689844ba203,strangle.wedding,available,32.49,32.49,medium,low,8,namesilo,,,30/09/2026 17:32
40ae89ee-0138-4ba9-b9e3-9502f873f2ce,antigram.wedding,available,32.49,32.49,low,low,8,namesilo,,,19/09/2026 14:31
93c74180-31df-4f93-961b-a84aaa531d5a,fitted.wedding,available,32.49,32.49,high,low,6,namesilo,,,18/08/2026 05:47
a095b910-e581-4f1d-a45e-7f61c82b5e9b,junket.wedding,available,32.49,32.49,high,low,6,namesilo,,,22/09/2026 03:02
b9aa298a-7bca-4d67-a80d-8f2096796e60,against.wedding,available,32.49,32.49,medium,low,7,namesilo,,,30/09/2026 22:30
18e36eca-25ec-473e-a5b7-aa22072310d0,distress.wedding,available,26.08,26.08,high,low,8,spaceship,,,29/09/2026 16:17
43f32207-eae9-4f23-a5d7-8e15f69ae621,aventurine.wedding,available,32.49,32.49,medium,low,10,namesilo,,,21/09/2026 09:07
45227726-8469-4020-88b6-05f47c44da4e,fink.wedding,available,32.49,32.49,high,medium,4,namesilo,,,11/08/2026 16:11
35cca43e-f487-4cde-990d-c58af3da79b0,mongoloid.wedding,available,32.49,32.49,medium,low,9,namesilo,,,25/08/2026 04:49
e25d616c-9abd-413c-8f69-105d4e23eacd,adiabatic.wedding,available,32.49,32.49,medium,low,9,namesilo,,,
0e67d5ce-d323-4f96-82e3-184a677f0c80,beaujolais.wedding,available,32.49,32.49,high,low,10,namesilo,,,22/09/2026 22:13
e5dca410-c994-4342-a98c-522c08477d4d,prophetic.wedding,available,32.49,32.49,high,low,9,namesilo,,,09/09/2026 03:36
b42b623d-48cf-4c22-a798-3fafd1289431,gordy.wedding,available,26.26,26.26,medium,low,5,porkbun,,,02/10/2026 00:35
b258af98-7eab-40c4-b8db-44e851ccc2e4,crotchety.wedding,available,32.49,32.49,medium,low,9,namesilo,,,13/08/2026 08:25
a1e03a94-cdee-430c-b6ad-5eeb93788913,sensors.wedding,available,32.49,32.49,medium,low,7,namesilo,,,28/09/2026 09:09
6fe64c0f-a858-4a1a-b47b-830e262d9f37,susanna.wedding,available,32.49,32.49,high,low,7,namesilo,,,28/09/2026 01:02
2e6f0767-c659-4e97-b0db-67e2684be3b4,uncharted.wedding,available,32.49,32.49,medium,low,9,namesilo,,,12/08/2026 02:53
a4d11312-7be6-4a29-8b54-0199d544f254,digestive.wedding,available,32.49,32.49,high,low,9,namesilo,,,24/08/2026 15:24
f2636cbb-16a2-41e1-9306-b60aeb337d33,sauna.wedding,available,26.08,26.08,high,low,5,spaceship,,,30/09/2026 10:38
06dfe9fa-205b-4d10-8bb6-048201c66aea,frustration.wedding,available,26.08,26.08,medium,low,11,spaceship,,,28/09/2026 17:13
fde2a3f1-1ca9-4a30-b261-86a6eb06a08d,educate.wedding,available,25.2,25.2,high,low,7,cloudflare,,,02/10/2026 02:27
5b0c00d6-de04-4354-ad5f-eda210bd7962,stalled.wedding,available,32.49,32.49,medium,low,7,namesilo,,,20/09/2026 17:27
5359bcd7-19a1-49e6-8a10-5a663a0178a0,frustrate.wedding,available,32.49,32.49,medium,low,9,namesilo,,,24/09/2026 12:25
1c9ff045-5f86-4bde-96f4-1bb85bac83bc,malar.wedding,available,32.49,32.49,medium,low,5,namesilo,,,13/09/2026 15:43
e39c0232-1711-4b4b-a1ac-35a29ef56ab8,kean.wedding,available,32.49,32.49,medium,low,4,namesilo,,,29/09/2026 00:45
1aa2e7cc-f35c-4cdf-892a-2f69efb2af00,stilted.wedding,available,32.49,32.49,medium,low,7,namesilo,,,10/09/2026 20:37
1722b2a1-5b12-4982-9e77-cfd9f8dbd127,fold.wedding,available,26.97,26.97,high,low,4,dynadot,,,28/09/2026 14:00
17f9f1d4-63a9-4799-9085-02138fe08214,typhoid.wedding,available,32.49,32.49,medium,low,7,namesilo,,,03/10/2026 00:41
8cbcc2fc-f465-4b81-8fff-5cc1a112a780,giver.wedding,available,33.98,43.98,high,low,5,namecheap,,,23/09/2026 10:44
ed94728d-dc92-4ee7-b065-bed9537ba950,delayed.wedding,available,32.49,32.49,medium,low,7,namesilo,,,24/09/2026 05:13
462df415-8e90-4ac7-ab56-5c25472f911b,cased.wedding,available,33.98,43.98,medium,low,5,namecheap,,,11/08/2026 20:04
d4281136-8d87-4b40-be43-17066e3008a0,fiddler.wedding,available,26.08,26.08,high,low,7,spaceship,,,01/10/2026 02:09
a0858906-94b9-424d-95d6-f3fe0f23aa07,strumpet.wedding,available,32.49,32.49,medium,low,8,namesilo,,,17/09/2026 10:22
c8d424b7-4f0d-44fb-b313-250f3c234b80,bingle.wedding,available,32.49,32.49,medium,low,6,namesilo,,,19/09/2026 16:38
8d874347-8f84-4abd-9512-c76f7178a587,wrecked.wedding,available,26.08,26.08,medium,low,7,spaceship,,,28/09/2026 11:09
42af315c-468e-465b-94fa-eaeab7f99717,agential.wedding,available,32.49,32.49,medium,low,8,namesilo,,,
bab3579e-b036-40ce-ac99-1795eaebe0b6,ambulances.wedding,available,33.98,43.98,medium,low,10,namecheap,,,21/09/2026 07:02
56bb82ca-3187-4f50-8f66-fd7818f9ca54,parkway.wedding,available,32.49,32.49,medium,low,7,namesilo,,,30/09/2026 10:48
ec4a0e35-cbd5-4bcf-8c22-cc5b906a3805,actuary.wedding,available,32.49,32.49,high,low,7,namesilo,,,17/09/2026 05:21
057ae6bc-d960-4f7b-a8bb-b1d169bc8b32,unlv.wedding,available,32.49,32.49,high,low,4,namesilo,,,02/10/2026 10:51
d8964452-ec6d-41b1-a11b-6ecde7f68fa5,formosan.wedding,available,32.49,32.49,high,low,8,namesilo,,,18/08/2026 12:16
888e6c18-343f-40bf-9395-49c5873b77c5,unisex.wedding,available,32.49,32.49,high,low,6,namesilo,,,12/09/2026 13:52
e0511340-cff2-4f3e-b91c-5962821ff860,know.wedding,premium,414.2,26.08,high,low,4,spaceship,,,29/09/2026 20:04
b7bf6e63-935d-48ca-9dd5-5059813b52a2,daughterly.wedding,available,46.99,46.99,medium,low,10,name.com,,,13/08/2026 18:46
87ae05f0-da4d-46e9-bbfb-18a0d19d6be7,outdoorsy.wedding,available,33.98,43.98,high,low,9,namecheap,,,04/09/2026 19:14
74ada56d-be59-45af-b160-bc5a4899672c,appreciates.wedding,available,33.98,43.98,medium,low,11,namecheap,,,20/09/2026 20:35
cab7a256-8888-4692-9791-d94c2b53a4da,dmz.wedding,premium,41.6,26.08,high,low,3,spaceship,,,03/10/2026 00:28
8285c372-1216-4fe6-8a25-2337e2c026a5,murdered.wedding,available,32.49,32.49,medium,low,8,namesilo,,,03/09/2026 11:02
6cc92aba-9d8f-4c79-84be-de03cb06401d,songbird.wedding,available,33.98,43.98,high,low,8,namecheap,,,30/09/2026 11:31
df91807f-c634-47cb-a66d-8273b9535e4f,cubs.wedding,available,26.97,26.97,high,medium,4,dynadot,,,29/09/2026 17:24
e48f0c7a-487d-4bd0-9add-e57e4b91a872,tamable.wedding,available,32.49,32.49,medium,low,7,namesilo,,,11/09/2026 07:36
61a406b1-b884-4e09-a078-ea093a64618b,pleaded.wedding,available,26.08,26.08,medium,low,7,spaceship,,,29/09/2026 22:56
68939943-9401-4818-ac1c-a40298a57a55,forlorn.wedding,available,32.49,32.49,medium,low,7,namesilo,,,18/08/2026 12:02
54a836dc-c25c-4167-8ec2-967c18859099,snowball.wedding,available,32.49,32.49,high,low,8,namesilo,,,16/09/2026 17:20
c397699e-1430-4d97-ae91-a026d0afe68b,ounce.wedding,available,32.49,32.49,high,low,5,namesilo,,,28/09/2026 21:44
02a5eed6-a549-44a7-93f5-9b7e302180ac,aperea.wedding,available,32.49,32.49,medium,low,6,namesilo,,,19/09/2026 16:31
eee04447-56f1-47cb-95ac-88ecd09987ae,abjuration.wedding,available,46.99,46.99,medium,low,10,name.com,,,16/09/2026 15:59
0b5729a7-512d-4cde-991f-49495d92c23d,prescribed.wedding,available,32.49,32.49,medium,low,10,namesilo,,,13/08/2026 22:17
3fb6e1bd-e0c6-4217-beba-c1c93b8346b2,vitrified.wedding,available,32.49,32.49,medium,low,9,namesilo,,,13/09/2026 06:20
9b5b9d01-f811-4dd5-a0eb-0984b7d1b4fe,ascertain.wedding,available,32.49,32.49,high,low,9,namesilo,,,02/10/2026 17:12
2dc59bca-4259-4f37-b5b8-2dc216983550,aureate.wedding,available,32.49,32.49,medium,low,7,namesilo,,,22/09/2026 12:51
03a9d05b-efed-4a53-ba39-a5f9bd2699e9,nations.wedding,available,32.49,32.49,medium,low,7,namesilo,,,27/09/2026 22:54
9a5cc0fb-15bd-489d-8382-423715979004,elevated.wedding,available,32.49,32.49,high,low,8,namesilo,,,16/08/2026 03:35
8fb49721-aa8c-4df7-a284-f351795032b6,outback.wedding,available,32.49,32.49,high,low,7,namesilo,,,26/09/2026 03:21
2c84fb40-357f-4329-b077-7a1b211a74d2,grade.wedding,available,32.49,32.49,high,low,5,namesilo,,,23/08/2026 00:34
d95d779c-3bb8-4127-a114-b34f9efc5834,sto.wedding,premium,47.2,29.5,high,low,3,namesilo,,,02/10/2026 11:55
f9f33d2f-9f76-4aea-8254-7e5e46ee3e52,gently.wedding,available,25.2,25.2,high,low,6,cloudflare,,,28/09/2026 14:58
448f7e87-62ca-4edc-b861-43bc9fa6f396,grime.wedding,available,32.49,32.49,medium,low,5,namesilo,,,14/08/2026 09:15
0bfcc0c1-5544-4d66-8ddd-ecda851dbe76,want.wedding,premium,242,29.5,high,low,4,namesilo,,,29/09/2026 13:33
3a5ec888-c909-4a75-b658-286ab07f209c,kalimantan.wedding,available,26.08,26.08,high,low,10,spaceship,,,01/10/2026 18:45
8602e896-2130-4e73-b907-1541ff28c004,humility.wedding,available,26.26,26.26,high,low,8,porkbun,,,29/09/2026 07:17
b063dab3-caed-4446-ad3e-b70d65c943ae,eleven.wedding,available,32.49,32.49,high,low,6,namesilo,,,21/09/2026 11:20
9f21d44d-e3bc-453b-b9da-0f62d58d5896,pasty.wedding,available,32.49,32.49,high,low,5,namesilo,,,20/08/2026 15:21
a0bfb808-7d14-4ad8-8f87-255b63f9894d,chelonian.wedding,available,32.49,32.49,low,low,9,namesilo,,,12/08/2026 04:08
23f8a36e-34a8-4a98-8488-004777b5cc1c,voltaic.wedding,available,32.49,32.49,medium,low,7,namesilo,,,18/08/2026 19:42
3bd8741a-6247-4b76-a424-14decd631fc5,peruvian.wedding,premium,104,32.5,high,low,8,namecheap,,,08/09/2026 18:07
b844f136-784c-4fe6-9013-b1b096dce2b8,cultivators.wedding,available,32.49,32.49,medium,low,11,namesilo,,,30/09/2026 00:43
1b72dd1a-52e3-4574-8d77-76e3ca9cc5de,preventive.wedding,available,32.49,32.49,high,low,10,namesilo,,,23/09/2026 22:24
15e91549-fd03-419b-83ac-5c3a4881bb6f,identifier.wedding,available,33.98,43.98,high,low,10,namecheap,,,29/09/2026 23:29
f340632b-0fba-482c-a9a0-93bcdde50e15,hutchins.wedding,available,26.08,26.08,medium,low,8,spaceship,,,28/09/2026 19:28
7260dc98-856c-4cb9-8434-ce95efe6fabe,bisayan.wedding,available,33.98,43.98,medium,low,7,namecheap,,,23/09/2026 21:29
083985df-bca9-4790-b80a-b46b26fbe309,dug.wedding,premium,,,high,low,3,,,,28/09/2026 05:32
a56d51fb-0b93-49dc-8ff9-57f1bf5e043e,scavenger.wedding,available,26.08,26.08,high,low,9,spaceship,,,02/10/2026 16:18
3bceabdc-4627-480b-a762-9dbe7a1f7b41,ticket.wedding,available,33.98,43.98,high,low,6,namecheap,,,24/09/2026 18:18
d8d5cf28-f705-4bda-bea7-bc22b045293f,mush.wedding,available,32.49,32.49,high,low,4,namesilo,,,02/10/2026 04:27
f1ccc373-d134-4ee5-9ed1-15a99e77aff9,attempt.wedding,available,32.49,32.49,high,low,7,namesilo,,,28/09/2026 23:03
25866099-1f2c-432b-83d2-69a39f79c396,concepcion.wedding,available,32.49,32.49,high,low,10,namesilo,,,02/10/2026 04:26
56070988-a9b3-41f0-bf15-ba8073e10c04,airstrip.wedding,available,32.49,32.49,high,low,8,namesilo,,,17/09/2026 23:24
cac8b245-f7a7-43a8-981d-c1a8833d756c,spavined.wedding,available,32.49,32.49,high,medium,8,namesilo,,,10/09/2026 15:20
e1e70de7-d100-44a3-bb31-3815a9d6aea2,cassell.wedding,available,26.08,26.08,high,low,7,spaceship,,,02/10/2026 00:55
c643e343-5740-491e-aa22-641a1affd937,emptiness.wedding,available,26.08,26.08,medium,low,9,spaceship,,,29/09/2026 18:45
7262b00c-55ad-45b8-9a6f-7599365e59b9,desirous.wedding,available,32.49,32.49,medium,low,8,namesilo,,,14/08/2026 03:49
04c6ce97-a51d-4735-812d-a4d45e719a63,markham.wedding,available,26.97,26.97,high,low,7,dynadot,,,27/09/2026 20:59
a7543b03-5cc0-423e-acfb-a7f2e8b96152,pickups.wedding,available,32.49,32.49,medium,low,7,namesilo,,,20/09/2026 05:31
6ae32873-b99e-4bec-a91f-784f24f3c29d,buildings.wedding,available,32.49,32.49,medium,low,9,namesilo,,,27/09/2026 09:32
2ea624a2-d561-48a4-9a97-385a14431d70,warfare.wedding,available,33.98,43.98,high,low,7,namecheap,,,30/09/2026 14:38
e97c4d14-7fae-4a7e-82d4-4ee3e94e4446,webby.wedding,available,32.49,32.49,medium,low,5,namesilo,,,03/09/2026 16:08
4113013c-6965-48e0-8027-ea3d9fa812ae,gale.wedding,available,32.49,32.49,high,low,4,namesilo,,,29/09/2026 07:02
a70935c7-7db3-4e86-a722-375a85ccaf42,sterilised.wedding,available,33.98,43.98,medium,low,10,namecheap,,,10/09/2026 20:13
a6037b96-7e9d-4d0d-8592-3f0fb7c17f11,designed.wedding,premium,96,29.5,high,low,8,namesilo,,,24/09/2026 06:34
6f58644b-786c-46bd-99f4-642c11d0254d,grenoble.wedding,available,26.08,26.08,medium,low,8,spaceship,,,28/09/2026 19:22
fb091715-ceea-4442-af3c-ed00e43964f1,scandium.wedding,available,32.49,32.49,medium,low,8,namesilo,,,20/09/2026 22:34
8c5c9aaa-5b8b-41a9-a182-879bd79ece71,burnside.wedding,available,33.98,43.98,high,low,8,namecheap,,,16/09/2026 12:53
5c1b7c78-732e-40e6-a41d-1fa626518124,built.wedding,available,32.49,32.49,high,low,5,namesilo,,,23/09/2026 10:20
0028cc73-e99f-4ac1-9d4b-0da5fd481094,wherever.wedding,available,33.98,43.98,medium,low,8,namecheap,,,16/09/2026 11:29
0a7794ba-6b19-49f8-901c-72c711d85d53,mutative.wedding,available,32.49,32.49,medium,low,8,namesilo,,,03/09/2026 11:48
7a22b734-76d7-4da7-9c3a-66e1b18062d2,delusory.wedding,available,33.98,43.98,low,low,8,namecheap,,,13/08/2026 21:18
54f01c28-c32f-44ac-b52e-904bae950c73,seated.wedding,available,25.2,25.2,high,low,6,cloudflare,,,27/09/2026 19:11
14bebf1e-6390-4f15-9493-0ce84e23c498,kindled.wedding,available,32.49,32.49,medium,low,7,namesilo,,,17/08/2026 09:33
4371d428-4c11-453b-a236-86a1fc9041f9,quibble.wedding,available,32.49,32.49,medium,low,7,namesilo,,,23/09/2026 13:17
b3942085-d58c-48b9-b0b3-2db3b9e41aea,yugoslav.wedding,available,32.49,32.49,high,high,8,namesilo,,,13/09/2026 14:51
d27e0073-5296-46b8-b9e7-338517e41e29,harmonised.wedding,available,32.49,32.49,high,low,10,namesilo,,,12/08/2026 22:52
8c33f409-3d1c-4dda-8af0-609f3b1b74a3,complaint.wedding,available,32.49,32.49,high,low,9,namesilo,,,25/09/2026 07:37
5df2e9df-2f44-48bf-a8a0-4447a5b7d0a0,millions.wedding,available,33.98,43.98,medium,low,8,namecheap,,,25/09/2026 20:31
7d2c622e-c450-4025-b39d-32e9a5667b6e,reconsider.wedding,available,25.2,25.2,high,low,10,cloudflare,,,28/09/2026 20:52
67a7aa5b-4cb3-4f97-8480-70d510492544,kevin.wedding,available,33.98,43.98,high,medium,5,namecheap,,,25/09/2026 18:28
edb2057e-be8c-464d-8948-5c4388ee28d5,seeded.wedding,available,32.49,32.49,high,low,6,namesilo,,,10/09/2026 01:43
0b0c8d1b-5f43-4a49-b448-b588ff82a7d5,cactus.wedding,available,32.49,32.49,high,low,6,namesilo,,,24/09/2026 11:36
0bae848d-4e4b-449b-a818-7379b612b514,thievery.wedding,available,32.49,32.49,medium,low,8,namesilo,,,11/09/2026 13:20
3c1cc441-2d48-4df8-ae03-05838724488b,takashi.wedding,available,33.98,43.98,medium,low,7,namecheap,,,30/09/2026 21:32
afee7f58-9f63-4d18-906f-2d9a6f3a4c4e,licking.wedding,available,32.49,32.49,medium,low,7,namesilo,,,13/09/2026 11:11
962e4d26-08d7-495a-9f0f-1094b9bbbbdd,correlated.wedding,available,32.49,32.49,high,low,10,namesilo,,,13/08/2026 02:01
05d90410-e9c2-4790-884b-31122883e539,amply.wedding,available,32.49,32.49,medium,low,5,namesilo,,,13/09/2026 19:37
57d004a5-bace-4d7e-a388-afe43a31a91a,prizes.wedding,available,33.98,43.98,medium,low,6,namecheap,,,20/09/2026 04:19
bb250124-687e-4efb-8326-85dda2f79ebb,overeager.wedding,available,33.98,43.98,medium,low,9,namecheap,,,04/09/2026 20:31
ec72d2d4-a91b-40e3-99af-c33e1ce59509,attica.wedding,available,32.49,32.49,medium,low,6,namesilo,,,21/09/2026 01:42
964f84c5-0914-4494-8bbc-c64fd293e84c,notts.wedding,available,26.08,26.08,medium,low,5,spaceship,,,02/10/2026 19:32
8d18f8d6-33c4-4ce7-bafe-9ed6f9b178c5,literary.wedding,available,32.49,32.49,high,low,8,namesilo,,,02/10/2026 11:29
6d160a5a-91d5-46da-9240-00f052ac5a12,deere.wedding,available,49.99,49.99,high,low,5,godaddy,,,30/09/2026 01:17
4fc5786c-4f28-49da-b34a-fd75445faee3,bringing.wedding,available,26.08,26.08,high,low,8,spaceship,,,29/09/2026 04:22
0da54ae3-d004-4034-9576-69a4e3e7adb9,vehement.wedding,available,32.49,32.49,medium,low,8,namesilo,,,11/09/2026 09:44
48c0a4db-21da-4f5c-ae6a-cf56cf2cf983,sparks.wedding,premium,47.2,29.5,high,low,6,namesilo,,,28/09/2026 12:19
80d432fc-64b0-4857-b839-a2652b284af3,vedic.wedding,available,32.49,32.49,medium,low,5,namesilo,,,13/09/2026 01:37
37c5016f-439c-45ab-8211-c43295fe3d22,nonprofit.wedding,available,25.2,25.2,medium,low,9,cloudflare,,,02/10/2026 11:43
adfc01a8-4890-401b-bd1b-cddcb5445089,nimbly.wedding,available,33.98,43.98,medium,low,6,namecheap,,,13/09/2026 18:18
ec82f2fc-75cf-4eee-97f4-3df401ffe58c,holler.wedding,available,32.49,32.49,high,low,6,namesilo,,,23/09/2026 00:27
192d5e19-2847-4709-b026-c1a3f25c57dd,parenteral.wedding,available,32.49,32.49,medium,low,10,namesilo,,,08/09/2026 01:19
bab2aeff-a1e0-468c-b7e6-0056b993707e,cab.wedding,premium,520,32.5,high,low,3,namecheap,,,24/09/2026 11:33
91cd4ed3-664f-41da-b31e-c077032ba19c,awing.wedding,available,32.49,32.49,medium,low,5,namesilo,,,08/08/2026 00:34
ac3d3d59-21ab-4f11-8fd3-ab0b4d5a7c7c,aubrey.wedding,available,32.49,32.49,high,low,6,namesilo,,,27/09/2026 07:41
5f7c636d-a41b-4963-93a7-ccee6e4d2927,thrive.wedding,available,26.08,26.08,high,medium,6,spaceship,,,29/09/2026 18:54
5d9896d5-b6ff-4418-8ae1-2671a4343bd2,galling.wedding,available,32.49,32.49,high,low,7,namesilo,,,
e7ceeffd-f732-452d-a394-294357a056d7,riggs.wedding,available,26.08,26.08,medium,low,5,spaceship,,,28/09/2026 08:07
331ff57b-6367-4228-987d-9f441a59244d,runyon.wedding,available,32.49,32.49,medium,low,6,namesilo,,,18/09/2026 06:27
a266ade9-a469-41e6-97fd-fbab06fe6c67,bollard.wedding,available,32.49,32.49,medium,low,7,namesilo,,,23/09/2026 22:48
f29772b7-2a88-4123-b9cf-dca7fd2ac6a9,congestion.wedding,available,26.08,26.08,high,low,10,spaceship,,,29/09/2026 10:56
f21038b9-cb81-434c-9199-24fb4231fa7f,palish.wedding,available,32.49,32.49,medium,low,6,namesilo,,,04/09/2026 23:41
0cce3a9b-f533-4453-a960-7bcd84af6f4a,secretive.wedding,available,32.49,32.49,medium,low,9,namesilo,,,12/08/2026 12:18
9565070b-2992-4501-b2ec-b2013ef92dd4,underhand.wedding,available,32.49,32.49,high,medium,9,namesilo,,,10/09/2026 12:31
242d62a6-b690-4212-9bc2-d1a458828aaf,poster.wedding,available,26.08,26.08,high,low,6,spaceship,,,29/09/2026 02:42
33535d75-789e-4135-8d1e-12518628e5e4,prayerful.wedding,available,32.49,32.49,high,medium,9,namesilo,,,09/09/2026 01:05
f2d2131f-d69e-4242-8ab1-67b0206647f3,constituted.wedding,available,26.97,26.97,medium,low,11,dynadot,,,02/10/2026 22:01
b18dbedd-2ac2-42c5-bda1-d35174447465,pesticide.wedding,available,33.98,43.98,high,low,9,namecheap,,,01/10/2026 21:15
2eb373da-9bb8-4b86-9331-21f6e5a044ba,itching.wedding,available,49.99,49.99,medium,low,7,godaddy,,,30/09/2026 02:03
29a14173-769a-4619-8d19-d8081c180ab0,projector.wedding,available,33.98,43.98,high,low,9,namecheap,,,29/09/2026 20:04
acd53730-b29a-4c87-bacb-0bc6d1816d88,anemia.wedding,available,32.49,32.49,medium,low,6,namesilo,,,19/09/2026 01:16
8bbfa1ab-fd61-4b74-adfe-d3a3eea68a7c,undeclared.wedding,available,32.49,32.49,medium,low,10,namesilo,,,12/09/2026 07:06
4188f53b-11d0-48de-8401-ac9dbf88ee36,adapt.wedding,available,25.2,25.2,high,low,5,cloudflare,,,28/09/2026 11:08
6b53539d-a5a4-4a82-9546-f20646cc4918,screeching.wedding,available,32.49,32.49,medium,low,10,namesilo,,,09/09/2026 23:59
7c6f707a-072f-45a3-85f5-5789988f0b84,hernia.wedding,available,33.98,43.98,high,low,6,namecheap,,,01/10/2026 19:57
699904d7-da36-40ea-98be-4797f783d970,capably.wedding,available,32.49,32.49,medium,low,7,namesilo,,,13/09/2026 16:22
0ed501be-4b79-4ace-82ab-c88f721bc611,intercom.wedding,available,26.08,26.08,high,low,8,spaceship,,,03/10/2026 01:18
d60dc2e8-d18f-412d-9466-60bcb64f1c07,colorfast.wedding,available,33.98,43.98,medium,low,9,namecheap,,,12/08/2026 17:50
c1819c96-3281-41ca-b7b8-fb5ace92498c,afforded.wedding,available,26.97,26.97,medium,low,8,dynadot,,,02/10/2026 12:44
15ca122e-9bff-4dd0-8520-dec5658db39e,redolent.wedding,available,32.49,32.49,high,low,8,namesilo,,,17/08/2026 15:16
ab7a3595-1c51-4425-ac32-17cd037f20ea,cousins.wedding,available,33.98,43.98,high,low,7,namecheap,,,19/09/2026 21:00
027838ab-19d8-4240-bbbe-aa328c2c0598,silicious.wedding,available,32.49,32.49,high,medium,9,namesilo,,,10/09/2026 08:08
0500c031-ea29-4505-aaef-ecb0f158c1ad,handbasket.wedding,available,32.49,32.49,medium,low,10,namesilo,,,22/09/2026 11:03
8597c68e-f5ce-48a0-a6a0-b7a76fb43ec8,warships.wedding,available,25.2,25.2,medium,low,8,cloudflare,,,01/10/2026 18:32
83e14aff-c7be-4cdf-b8ab-23ccd0a73f9f,you.wedding,premium,512,29.5,high,medium,3,namesilo,,,30/09/2026 21:57
d3e1106a-eae1-46d6-bb0b-9e515ba8975a,mastermind.wedding,available,25.2,25.2,high,low,10,cloudflare,,,01/10/2026 18:48
d763d9c2-ed95-4cb4-a5cf-637168063028,beware.wedding,available,25.2,25.2,medium,low,6,cloudflare,,,28/09/2026 20:49
6c96b36f-df83-4d2f-900c-3d3ed7910d8c,jabiru.wedding,available,32.49,32.49,medium,low,6,namesilo,,,23/09/2026 23:50
4f573eb8-7db6-4663-a161-6814bc631f9f,bette.wedding,available,26.08,26.08,medium,low,5,spaceship,,,29/09/2026 15:28
7e868083-ecd3-4e4b-aaa6-bf210b5a3f3b,personalities.wedding,available,26.97,26.97,medium,low,13,dynadot,,,29/09/2026 00:05
8bbc3e0d-8742-43a5-bd1f-abb6086513fa,exploration.wedding,available,26.08,26.08,high,low,11,spaceship,,,02/10/2026 05:31
b4c03efb-704a-4343-9c60-19f12278b3cb,khan.wedding,available,32.49,32.49,high,low,4,namesilo,,,02/10/2026 23:51
625e893b-d6d9-43b6-bead-25749831ad20,scapegrace.wedding,available,32.49,32.49,medium,low,10,namesilo,,,24/09/2026 01:41
fb914df8-6050-4d44-a678-98d73eb9d905,damage.wedding,available,32.49,32.49,high,low,6,namesilo,,,25/09/2026 04:36
01f5900e-d8d4-4482-86be-ea7fcbb1f895,sheppard.wedding,available,33.98,43.98,medium,low,8,namecheap,,,27/09/2026 08:04
6a1c0682-b6f5-4490-8057-99f373752a37,youths.wedding,available,32.49,32.49,medium,low,6,namesilo,,,01/10/2026 00:09
30aef8d3-6b43-43e6-97e4-8de0c1c4cdb9,modest.wedding,available,32.49,32.49,high,low,6,namesilo,,,25/09/2026 06:33
72d82d2e-df86-4c4e-9fd7-ef17cac6d96b,proscribed.wedding,available,32.49,32.49,medium,low,10,namesilo,,,18/08/2026 11:01
b1101e7f-1b9f-4e9a-a340-03995913f237,compensated.wedding,available,26.08,26.08,medium,low,11,spaceship,,,01/10/2026 18:26
14e08513-fdd3-48d4-a9ea-9dcf332baa21,fond.wedding,available,32.49,32.49,high,low,4,namesilo,,,21/09/2026 21:45
f4a983b6-5137-4ef6-ad4a-339896e7bb95,valiant.wedding,available,32.49,32.49,high,low,7,namesilo,,,13/09/2026 00:55
65dffd3d-5745-46ff-a524-f838233d47f3,mound.wedding,available,33.98,43.98,medium,low,5,namecheap,,,29/09/2026 06:29
c7c8a8d0-48a2-45e2-8ecd-f556e296a854,orient.wedding,premium,47.2,29.5,high,medium,6,namesilo,,,29/09/2026 12:08
146eb737-514f-42b0-9eb6-7de0af64739a,temptable.wedding,available,32.49,32.49,medium,low,9,namesilo,,,11/09/2026 11:04
90b8275d-85c1-4647-9e2d-03dca2d06d49,divergent.wedding,available,32.49,32.49,high,low,9,namesilo,,,14/08/2026 13:35
a474ccb6-5dc4-4d04-9ba3-3cc44f9e91a0,enroll.wedding,available,26.26,26.26,high,low,6,porkbun,,,30/09/2026 18:26
4ff205c1-5532-4ae0-8512-565f814971ba,milksop.wedding,available,32.49,32.49,medium,low,7,namesilo,,,10/09/2026 08:50
3e8fd62a-e51c-4abc-9632-93b9477c8387,prelim.wedding,available,32.49,32.49,high,medium,6,namesilo,,,09/09/2026 01:38
dd85ece4-8188-45af-bf7e-22e47f002e56,treed.wedding,available,32.49,32.49,medium,low,5,namesilo,,,07/08/2026 11:13
b3d6fbdd-2840-4d79-9084-7a24ded84c07,beak.wedding,available,33.98,43.98,high,low,4,namecheap,,,22/09/2026 19:41
f473f868-c676-4609-a8b9-66d26cc66572,ethnical.wedding,available,32.49,32.49,medium,low,8,namesilo,,,17/08/2026 13:49
a076b227-5cf7-416e-8149-18dec5fa1b20,ducky.wedding,available,46.99,46.99,high,low,5,name.com,,,13/08/2026 18:23
4b434ca7-211a-4d75-a45a-f8b3f20e435c,unobserved.wedding,available,32.49,32.49,medium,low,10,namesilo,,,12/09/2026 16:04
a134b2a6-16eb-40d8-adbb-2f1425804d31,suppressed.wedding,available,32.49,32.49,high,medium,10,namesilo,,,10/09/2026 12:14
199fdf71-32bd-4225-bd30-9d2e2f270254,launcher.wedding,available,32.49,32.49,high,low,8,namesilo,,,01/10/2026 02:51
c9033ad0-68e4-4235-a832-830eee4bf9a7,celebrations.wedding,available,26.26,26.26,high,low,12,porkbun,,,01/10/2026 18:40
da338765-26aa-4789-9046-b9262b2260ba,taleteller.wedding,available,32.49,32.49,medium,low,10,namesilo,,,11/09/2026 10:32
233bc98a-29de-475d-98a4-f711c20c5a0e,jarring.wedding,available,32.49,32.49,medium,low,7,namesilo,,,22/08/2026 12:26
8f34d593-cdc7-4214-a691-2c7fd92adbbd,routinely.wedding,available,32.49,32.49,medium,low,9,namesilo,,,16/09/2026 00:11
f068196b-79fc-477d-8069-529cbcc2969c,witness.wedding,available,32.49,32.49,high,low,7,namesilo,,,21/09/2026 01:35
643b0c8f-5c3c-4f1e-b57b-06ad2eda3f1f,ema.wedding,premium,41.6,26.08,high,low,3,spaceship,,,01/10/2026 16:52
d3c15c12-6a90-4d0b-be57-97cfb47b707e,present.wedding,premium,83,26.08,high,low,7,spaceship,,,01/10/2026 20:06
a5b7e4cf-2eb4-4afc-a8b6-61493a2e559c,roof.wedding,available,32.49,32.49,high,low,4,namesilo,,,30/09/2026 10:21
e5d598ec-aff5-417a-9577-ff8b89277397,nibble.wedding,available,32.49,32.49,high,low,6,namesilo,,,03/10/2026 02:32
07c0226f-7d81-4268-b7ec-fb4e85f0ccc5,baggy.wedding,available,32.49,32.49,high,low,5,namesilo,,,22/09/2026 16:21
1388527d-aeb4-4156-a130-46dc58458cdf,obsessed.wedding,available,32.49,32.49,medium,low,8,namesilo,,,21/08/2026 01:32
77cad0f0-cac7-4210-b055-1b392c2f841c,artificer.wedding,available,32.49,32.49,high,low,9,namesilo,,,20/09/2026 11:38
75a8e856-15a8-46ab-93b4-1e8319049958,agnatha.wedding,available,33.98,43.98,medium,low,7,namecheap,,,17/09/2026 18:31
5de67f66-9dce-40ff-8ac0-91e7740bdcad,balaena.wedding,available,33.98,43.98,medium,low,7,namecheap,,,21/09/2026 20:30
c42522ac-eff4-4a24-bfd1-43a843e89bbe,mackerel.wedding,available,33.98,43.98,high,low,8,namecheap,,,02/10/2026 05:41
166b4a6b-e7a3-405c-99f4-4c5a31127056,elect.wedding,available,32.49,32.49,high,low,5,namesilo,,,16/08/2026 02:30
47edef98-deed-400a-912b-830e1cf53ac6,thrashing.wedding,available,32.49,32.49,medium,low,9,namesilo,,,13/09/2026 07:54
ae24b447-fab5-4086-84a8-02bdb57b6f29,metropolis.wedding,available,26.08,26.08,high,low,10,spaceship,,,30/09/2026 01:03
8cd5b281-e66b-4e0d-b215-bf7d2e44fe72,rui.wedding,premium,44,26.97,high,low,3,dynadot,,,01/10/2026 10:19
1ff1220b-2e26-4b15-87d5-b11c15b0e814,unnerved.wedding,available,32.49,32.49,medium,low,8,namesilo,,,12/09/2026 15:54
7ab94b71-089f-40ce-856e-d93fce64d447,stories.wedding,available,32.49,32.49,high,medium,7,namesilo,,,17/09/2026 13:42